-- MySQL dump 10.13  Distrib 8.0.28, for macos11 (x86_64)
--
-- Host: localhost    Database: movies_database
-- ------------------------------------------------------
-- Server version	8.0.28

/*!40101 SET @OLD_CHARACTER_SET_CLIENT=@@CHARACTER_SET_CLIENT */;
/*!40101 SET @OLD_CHARACTER_SET_RESULTS=@@CHARACTER_SET_RESULTS */;
/*!40101 SET @OLD_COLLATION_CONNECTION=@@COLLATION_CONNECTION */;
/*!50503 SET NAMES utf8 */;
/*!40103 SET @OLD_TIME_ZONE=@@TIME_ZONE */;
/*!40103 SET TIME_ZONE='+00:00' */;
/*!40014 SET @OLD_UNIQUE_CHECKS=@@UNIQUE_CHECKS, UNIQUE_CHECKS=0 */;
/*!40014 SET @OLD_FOREIGN_KEY_CHECKS=@@FOREIGN_KEY_CHECKS, FOREIGN_KEY_CHECKS=0 */;
/*!40101 SET @OLD_SQL_MODE=@@SQL_MODE, SQL_MODE='NO_AUTO_VALUE_ON_ZERO' */;
/*!40111 SET @OLD_SQL_NOTES=@@SQL_NOTES, SQL_NOTES=0 */;

--
-- Table structure for table `active_storage_attachments`
--

DROP TABLE IF EXISTS `active_storage_attachments`;
/*!40101 SET @saved_cs_client     = @@character_set_client */;
/*!50503 SET character_set_client = utf8mb4 */;
CREATE TABLE `active_storage_attachments` (
  `id` bigint NOT NULL AUTO_INCREMENT,
  `name` varchar(255) NOT NULL,
  `record_type` varchar(255) NOT NULL,
  `record_id` bigint NOT NULL,
  `blob_id` bigint NOT NULL,
  `created_at` datetime NOT NULL,
  PRIMARY KEY (`id`),
  UNIQUE KEY `index_active_storage_attachments_uniqueness` (`record_type`,`record_id`,`name`,`blob_id`),
  KEY `index_active_storage_attachments_on_blob_id` (`blob_id`),
  CONSTRAINT `fk_rails_c3b3935057` FOREIGN KEY (`blob_id`) REFERENCES `active_storage_blobs` (`id`)
) ENGINE=InnoDB AUTO_INCREMENT=1264 DEFAULT CHARSET=utf8mb4 COLLATE=utf8mb4_0900_ai_ci;
/*!40101 SET character_set_client = @saved_cs_client */;

--
-- Dumping data for table `active_storage_attachments`
--

LOCK TABLES `active_storage_attachments` WRITE;
/*!40000 ALTER TABLE `active_storage_attachments` DISABLE KEYS */;
INSERT INTO `active_storage_attachments` VALUES (24,'image','Cast',25,24,'2022-02-22 08:43:41'),(60,'image','Cast',53,60,'2022-02-22 13:54:22'),(1023,'image','Cast',649,1023,'2022-02-24 06:28:46'),(1024,'image','Cast',650,1024,'2022-02-24 06:52:10'),(1025,'image','Cast',651,1025,'2022-02-24 06:52:55'),(1026,'image','Cast',652,1026,'2022-02-24 06:58:05'),(1027,'image','Movie',164,1027,'2022-02-24 06:59:02'),(1028,'image','Movie',165,1028,'2022-02-24 07:00:15'),(1029,'image','Movie',166,1029,'2022-02-24 07:00:55'),(1030,'image','Movie',167,1030,'2022-02-24 07:01:12'),(1031,'image','Cast',654,1031,'2022-03-02 05:24:36'),(1032,'image','Cast',655,1032,'2022-03-02 05:25:14'),(1033,'image','Cast',658,1033,'2022-03-02 05:29:13'),(1034,'image','Cast',661,1034,'2022-03-02 05:41:38'),(1035,'image','Cast',662,1035,'2022-03-02 05:41:38'),(1036,'image','Cast',717,1036,'2022-03-02 06:11:42'),(1037,'image','Cast',723,1037,'2022-03-02 06:11:59'),(1038,'image','Cast',724,1038,'2022-03-02 06:11:59'),(1039,'image','Cast',725,1039,'2022-03-02 06:11:59'),(1040,'image','Cast',726,1040,'2022-03-02 06:11:59'),(1041,'image','Cast',729,1041,'2022-03-02 06:12:46'),(1042,'image','Cast',730,1042,'2022-03-02 06:12:46'),(1043,'image','Cast',731,1043,'2022-03-02 06:12:46'),(1044,'image','Cast',732,1044,'2022-03-02 06:12:46'),(1045,'image','Cast',735,1045,'2022-03-02 06:13:06'),(1046,'image','Cast',736,1046,'2022-03-02 06:13:06'),(1047,'image','Cast',737,1047,'2022-03-02 06:13:06'),(1048,'image','Cast',738,1048,'2022-03-02 06:13:06'),(1049,'image','Cast',739,1049,'2022-03-02 06:13:06'),(1050,'image','Cast',740,1050,'2022-03-02 06:13:06'),(1051,'image','Cast',741,1051,'2022-03-02 06:13:59'),(1052,'image','Cast',742,1052,'2022-03-02 06:13:59'),(1053,'image','Cast',743,1053,'2022-03-02 06:14:00'),(1054,'image','Cast',744,1054,'2022-03-02 06:14:00'),(1055,'image','Cast',745,1055,'2022-03-02 06:14:00'),(1056,'image','Cast',746,1056,'2022-03-02 06:14:00'),(1057,'image','Cast',747,1057,'2022-03-02 06:23:22'),(1058,'image','Cast',748,1058,'2022-03-02 06:23:22'),(1059,'image','Cast',749,1059,'2022-03-02 06:23:22'),(1060,'image','Cast',750,1060,'2022-03-02 06:23:22'),(1061,'image','Cast',751,1061,'2022-03-02 06:23:23'),(1062,'image','Cast',752,1062,'2022-03-02 06:23:23'),(1063,'image','Cast',753,1063,'2022-03-02 06:23:43'),(1064,'image','Cast',754,1064,'2022-03-02 06:23:43'),(1065,'image','Cast',755,1065,'2022-03-02 06:23:43'),(1066,'image','Cast',756,1066,'2022-03-02 06:23:43'),(1067,'image','Cast',757,1067,'2022-03-02 06:23:43'),(1068,'image','Cast',758,1068,'2022-03-02 06:23:43'),(1069,'image','Cast',759,1069,'2022-03-02 06:25:17'),(1070,'image','Cast',760,1070,'2022-03-02 06:25:17'),(1071,'image','Cast',761,1071,'2022-03-02 06:25:17'),(1072,'image','Cast',762,1072,'2022-03-02 06:25:17'),(1073,'image','Cast',763,1073,'2022-03-02 06:25:17'),(1074,'image','Cast',764,1074,'2022-03-02 06:25:17'),(1075,'image','Cast',765,1075,'2022-03-02 06:30:22'),(1076,'image','Cast',766,1076,'2022-03-02 06:30:22'),(1077,'image','Cast',767,1077,'2022-03-02 06:30:22'),(1078,'image','Cast',768,1078,'2022-03-02 06:30:23'),(1079,'image','Cast',769,1079,'2022-03-02 06:30:23'),(1080,'image','Cast',770,1080,'2022-03-02 06:30:23'),(1081,'image','Movie',168,1081,'2022-03-02 06:30:45'),(1082,'image','Cast',771,1082,'2022-03-02 06:32:02'),(1083,'image','Cast',772,1083,'2022-03-02 06:32:03'),(1084,'image','Cast',773,1084,'2022-03-02 06:32:03'),(1085,'image','Cast',774,1085,'2022-03-02 06:32:03'),(1086,'image','Cast',775,1086,'2022-03-02 06:32:03'),(1087,'image','Cast',776,1087,'2022-03-02 06:32:03'),(1088,'image','Cast',777,1088,'2022-03-02 06:32:17'),(1089,'image','Cast',778,1089,'2022-03-02 06:32:17'),(1090,'image','Cast',779,1090,'2022-03-02 06:32:17'),(1091,'image','Cast',780,1091,'2022-03-02 06:32:18'),(1092,'image','Cast',781,1092,'2022-03-02 06:32:18'),(1093,'image','Cast',782,1093,'2022-03-02 06:32:18'),(1094,'image','Cast',783,1094,'2022-03-02 06:32:53'),(1095,'image','Cast',784,1095,'2022-03-02 06:32:53'),(1096,'image','Cast',785,1096,'2022-03-02 06:32:53'),(1097,'image','Cast',786,1097,'2022-03-02 06:32:53'),(1098,'image','Cast',787,1098,'2022-03-02 06:32:53'),(1099,'image','Cast',788,1099,'2022-03-02 06:32:53'),(1100,'image','Cast',789,1100,'2022-03-02 06:34:24'),(1101,'image','Cast',790,1101,'2022-03-02 06:34:25'),(1102,'image','Cast',791,1102,'2022-03-02 06:34:25'),(1103,'image','Cast',792,1103,'2022-03-02 06:34:25'),(1104,'image','Cast',793,1104,'2022-03-02 06:34:25'),(1105,'image','Cast',794,1105,'2022-03-02 06:34:25'),(1106,'image','Cast',795,1106,'2022-03-02 06:36:12'),(1107,'image','Cast',796,1107,'2022-03-02 06:36:12'),(1108,'image','Cast',797,1108,'2022-03-02 06:36:12'),(1109,'image','Cast',798,1109,'2022-03-02 06:36:12'),(1110,'image','Cast',799,1110,'2022-03-02 06:36:13'),(1111,'image','Cast',800,1111,'2022-03-02 06:36:13'),(1112,'image','Cast',801,1112,'2022-03-02 06:43:38'),(1113,'image','Cast',802,1113,'2022-03-02 06:43:38'),(1114,'image','Cast',803,1114,'2022-03-02 06:43:38'),(1115,'image','Cast',804,1115,'2022-03-02 06:43:39'),(1116,'image','Cast',805,1116,'2022-03-02 06:43:39'),(1117,'image','Cast',806,1117,'2022-03-02 06:43:39'),(1118,'image','Cast',807,1118,'2022-03-02 06:44:11'),(1119,'image','Cast',808,1119,'2022-03-02 06:44:11'),(1120,'image','Cast',809,1120,'2022-03-02 06:44:11'),(1121,'image','Cast',810,1121,'2022-03-02 06:44:11'),(1122,'image','Cast',811,1122,'2022-03-02 06:44:11'),(1123,'image','Cast',812,1123,'2022-03-02 06:44:11'),(1124,'image','Cast',813,1124,'2022-03-02 06:45:02'),(1125,'image','Cast',814,1125,'2022-03-02 06:45:02'),(1126,'image','Cast',815,1126,'2022-03-02 06:45:02'),(1127,'image','Cast',816,1127,'2022-03-02 06:45:02'),(1128,'image','Cast',817,1128,'2022-03-02 06:45:02'),(1129,'image','Cast',818,1129,'2022-03-02 06:45:02'),(1130,'image','Cast',819,1130,'2022-03-02 06:45:24'),(1131,'image','Cast',820,1131,'2022-03-02 06:45:24'),(1132,'image','Cast',821,1132,'2022-03-02 06:45:25'),(1133,'image','Cast',822,1133,'2022-03-02 06:45:25'),(1134,'image','Cast',823,1134,'2022-03-02 06:45:25'),(1135,'image','Cast',824,1135,'2022-03-02 06:45:25'),(1136,'image','Cast',825,1136,'2022-03-02 06:45:48'),(1137,'image','Cast',826,1137,'2022-03-02 06:45:48'),(1138,'image','Cast',827,1138,'2022-03-02 06:45:48'),(1139,'image','Cast',828,1139,'2022-03-02 06:45:48'),(1140,'image','Cast',829,1140,'2022-03-02 06:45:48'),(1141,'image','Cast',830,1141,'2022-03-02 06:45:48'),(1142,'image','Movie',176,1142,'2022-03-02 06:45:48'),(1143,'image','Movie',177,1143,'2022-03-02 06:45:48'),(1144,'image','Movie',178,1144,'2022-03-02 06:45:49'),(1145,'image','Movie',179,1145,'2022-03-02 06:45:49'),(1146,'image','Movie',180,1146,'2022-03-02 06:45:49'),(1147,'image','Movie',181,1147,'2022-03-02 06:45:49'),(1148,'image','Cast',831,1148,'2022-03-02 06:54:43'),(1149,'image','Cast',832,1149,'2022-03-02 06:54:43'),(1150,'image','Cast',833,1150,'2022-03-02 06:54:43'),(1151,'image','Cast',834,1151,'2022-03-02 06:54:43'),(1152,'image','Cast',835,1152,'2022-03-02 06:54:43'),(1153,'image','Cast',836,1153,'2022-03-02 06:54:43'),(1154,'image','Cast',837,1154,'2022-03-02 06:55:10'),(1155,'image','Cast',838,1155,'2022-03-02 06:55:10'),(1156,'image','Cast',839,1156,'2022-03-02 06:55:10'),(1157,'image','Cast',840,1157,'2022-03-02 06:55:10'),(1158,'image','Cast',841,1158,'2022-03-02 06:55:10'),(1159,'image','Cast',842,1159,'2022-03-02 06:55:10'),(1166,'image','Cast',843,1166,'2022-03-02 06:57:00'),(1167,'image','Cast',844,1167,'2022-03-02 06:57:01'),(1168,'image','Cast',845,1168,'2022-03-02 06:57:01'),(1169,'image','Cast',846,1169,'2022-03-02 06:57:01'),(1170,'image','Cast',847,1170,'2022-03-02 06:57:01'),(1171,'image','Cast',848,1171,'2022-03-02 06:57:01'),(1173,'image','Cast',849,1173,'2022-03-02 06:57:13'),(1174,'image','Cast',850,1174,'2022-03-02 06:57:13'),(1175,'image','Cast',851,1175,'2022-03-02 06:57:13'),(1176,'image','Cast',852,1176,'2022-03-02 06:57:13'),(1177,'image','Cast',853,1177,'2022-03-02 06:57:14'),(1178,'image','Cast',854,1178,'2022-03-02 06:57:14'),(1179,'image','Cast',855,1179,'2022-03-02 06:57:34'),(1180,'image','Cast',856,1180,'2022-03-02 06:57:35'),(1181,'image','Cast',857,1181,'2022-03-02 06:57:35'),(1182,'image','Cast',858,1182,'2022-03-02 06:57:35'),(1183,'image','Cast',859,1183,'2022-03-02 06:57:35'),(1184,'image','Cast',860,1184,'2022-03-02 06:57:35'),(1191,'image','Cast',861,1191,'2022-03-02 07:45:49'),(1192,'image','Cast',862,1192,'2022-03-02 07:45:50'),(1193,'image','Cast',863,1193,'2022-03-02 07:45:50'),(1194,'image','Cast',864,1194,'2022-03-02 07:45:50'),(1195,'image','Cast',865,1195,'2022-03-02 07:45:50'),(1196,'image','Cast',866,1196,'2022-03-02 07:45:50'),(1197,'image','Cast',867,1197,'2022-03-02 07:46:13'),(1198,'image','Cast',868,1198,'2022-03-02 07:46:13'),(1199,'image','Cast',869,1199,'2022-03-02 07:46:13'),(1200,'image','Cast',870,1200,'2022-03-02 07:46:13'),(1201,'image','Cast',871,1201,'2022-03-02 07:46:14'),(1202,'image','Cast',872,1202,'2022-03-02 07:46:14'),(1203,'image','Cast',873,1203,'2022-03-02 07:47:12'),(1204,'image','Cast',874,1204,'2022-03-02 07:47:12'),(1205,'image','Cast',875,1205,'2022-03-02 07:47:12'),(1206,'image','Cast',876,1206,'2022-03-02 07:47:12'),(1207,'image','Cast',877,1207,'2022-03-02 07:47:12'),(1208,'image','Cast',878,1208,'2022-03-02 07:47:12'),(1211,'image','Movie',9,1211,'2022-03-02 07:47:13'),(1212,'image','Movie',10,1212,'2022-03-02 07:47:13'),(1213,'image','Movie',11,1213,'2022-03-02 07:47:13'),(1214,'image','Movie',12,1214,'2022-03-02 07:47:13'),(1227,'image','Cast',1,1227,'2022-03-02 08:26:00'),(1228,'image','Cast',2,1228,'2022-03-02 08:26:01'),(1229,'image','Cast',3,1229,'2022-03-02 08:26:01'),(1230,'image','Cast',4,1230,'2022-03-02 08:26:01'),(1231,'image','Cast',5,1231,'2022-03-02 08:26:01'),(1232,'image','Cast',6,1232,'2022-03-02 08:26:01'),(1233,'image','Movie',1,1233,'2022-03-02 08:26:02'),(1234,'image','Movie',2,1234,'2022-03-02 08:26:02'),(1235,'image','Movie',3,1235,'2022-03-02 08:26:02'),(1236,'image','Movie',4,1236,'2022-03-02 08:26:02'),(1237,'image','Movie',5,1237,'2022-03-02 08:26:02'),(1238,'image','Movie',6,1238,'2022-03-02 08:26:03'),(1239,'image','Movie',7,1239,'2022-03-04 07:01:39'),(1240,'image','Movie',8,1240,'2022-03-04 07:02:50'),(1241,'image','Movie',18,1241,'2022-03-07 08:33:17'),(1242,'image','Movie',19,1242,'2022-03-08 00:13:41'),(1243,'image','Movie',20,1243,'2022-03-08 00:15:09'),(1255,'image','Movie',23,1255,'2022-03-08 07:17:19'),(1261,'image','Movie',26,1261,'2022-03-10 02:15:42'),(1262,'image','Movie',27,1262,'2022-03-10 02:17:31'),(1263,'image','Movie',28,1263,'2022-03-10 02:21:39');
/*!40000 ALTER TABLE `active_storage_attachments` ENABLE KEYS */;
UNLOCK TABLES;

--
-- Table structure for table `active_storage_blobs`
--

DROP TABLE IF EXISTS `active_storage_blobs`;
/*!40101 SET @saved_cs_client     = @@character_set_client */;
/*!50503 SET character_set_client = utf8mb4 */;
CREATE TABLE `active_storage_blobs` (
  `id` bigint NOT NULL AUTO_INCREMENT,
  `key` varchar(255) NOT NULL,
  `filename` varchar(255) NOT NULL,
  `content_type` varchar(255) DEFAULT NULL,
  `metadata` text,
  `byte_size` bigint NOT NULL,
  `checksum` varchar(255) NOT NULL,
  `created_at` datetime NOT NULL,
  PRIMARY KEY (`id`),
  UNIQUE KEY `index_active_storage_blobs_on_key` (`key`)
) ENGINE=InnoDB AUTO_INCREMENT=1264 DEFAULT CHARSET=utf8mb4 COLLATE=utf8mb4_0900_ai_ci;
/*!40101 SET character_set_client = @saved_cs_client */;

--
-- Dumping data for table `active_storage_blobs`
--

LOCK TABLES `active_storage_blobs` WRITE;
/*!40000 ALTER TABLE `active_storage_blobs` DISABLE KEYS */;
INSERT INTO `active_storage_blobs` VALUES (24,'msfq79kkoacvhxtb8xz13v42a0c6','Screen Shot 2022-02-10 at 4.17.37 PM.png','image/png','{\"identified\":true,\"analyzed\":true}',73856,'slpbdQJYwvbg1DJCdbbyZg==','2022-02-22 08:43:41'),(60,'o4x9oqr62f5ldmicbqmdqpsuwory','Screen Shot 2022-02-10 at 4.17.37 PM.png','image/png','{\"identified\":true,\"analyzed\":true}',73856,'slpbdQJYwvbg1DJCdbbyZg==','2022-02-22 13:54:22'),(1023,'gd5b9hr6t5a5gc4xktuklltyhobw','_line_item.html (1).jpeg','image/jpeg','{\"identified\":true,\"analyzed\":true}',26463,'9XfGWGD9R8C8qhJ0ExeUOA==','2022-02-24 06:28:46'),(1024,'ps6sl2wruot8c6l8hy5lchasdpyl','funny_anime_screenshots__blimp_lips_by_totalfangirl985782_d5sn6cf-fullview.jpeg','image/jpeg','{\"identified\":true,\"analyzed\":true}',38509,'5KyXIMMIHCSf8nei2qdO7w==','2022-02-24 06:52:10'),(1025,'tz17r2fgppa7s38yw8x376zaybej','526.jpeg','image/jpeg','{\"identified\":true,\"analyzed\":true}',41124,'Q8P9Nebs1Q6R66gZSINXrg==','2022-02-24 06:52:55'),(1026,'besxlm7rb84errszl0k4am3wv9ms','097be7a49f9fa4ce077d0a12a47ff9de.jpeg','image/jpeg','{\"identified\":true,\"analyzed\":true}',21005,'VoBiApFxBpTchTuqBqAoMA==','2022-02-24 06:58:05'),(1027,'1rrhkqo3a3ysuzlaq9zcvg4fibga','526.jpeg','image/jpeg','{\"identified\":true,\"analyzed\":true}',41124,'Q8P9Nebs1Q6R66gZSINXrg==','2022-02-24 06:59:02'),(1028,'131ed5ccoknz5rqf3ifn2qaqjxql','526.jpeg','image/jpeg','{\"identified\":true,\"analyzed\":true}',41124,'Q8P9Nebs1Q6R66gZSINXrg==','2022-02-24 07:00:15'),(1029,'bgn5wc67eyi9kq744ze40e38euk9','static-assets-upload10356645874754387669.jpeg','image/jpeg','{\"identified\":true,\"analyzed\":true}',48584,'BpiF7X3GUqF/zuLhiDehow==','2022-02-24 07:00:55'),(1030,'rctvkr3x8j8ojqgqxvsb0bjsv3lr','Luffy_(One_Piece)_Gum_Gomu_Daze.gif','image/gif','{\"identified\":true,\"analyzed\":true}',7471305,'gCY2cWJli2Zr9jromQpwvQ==','2022-02-24 07:01:12'),(1031,'d2ss72ovf59t8zu7ne803dpsbrtb','test_image.jpg','image/jpeg','{\"identified\":true,\"analyzed\":true}',47873,'YJKTkJQ1zdv2y/MhUJ7Ung==','2022-03-02 05:24:36'),(1032,'qoigzxacrx9vww52pc2cgf9v86z0','test_image.jpg','image/jpeg','{\"identified\":true,\"analyzed\":true}',47873,'YJKTkJQ1zdv2y/MhUJ7Ung==','2022-03-02 05:25:14'),(1033,'1umz2lacxxcfj0ahd2hf6qiwvjl4','test_image.jpg','image/jpeg','{\"identified\":true,\"analyzed\":true}',47873,'YJKTkJQ1zdv2y/MhUJ7Ung==','2022-03-02 05:29:13'),(1034,'n81rmyzfluxh9m82aqpsjm4d1slw','test_image.jpg','image/jpeg','{\"identified\":true,\"analyzed\":true}',47873,'YJKTkJQ1zdv2y/MhUJ7Ung==','2022-03-02 05:41:38'),(1035,'bjr9nsqa209vronzksc7rtsqf6l2','test_image.jpg','image/jpeg','{\"identified\":true,\"analyzed\":true}',47873,'YJKTkJQ1zdv2y/MhUJ7Ung==','2022-03-02 05:41:38'),(1036,'lqmauf9ub168agtomk2rb4nwoos4','seed_image_0.jpeg','image/jpeg','{\"identified\":true,\"analyzed\":true}',18645,'zlCwdpRYrKw2dbVwUxKzkQ==','2022-03-02 06:11:42'),(1037,'3tdi2zmtowfvyvelpoahu32u1g2u','seed_image_0.jpeg','image/jpeg','{\"identified\":true,\"analyzed\":true}',18645,'zlCwdpRYrKw2dbVwUxKzkQ==','2022-03-02 06:11:59'),(1038,'n9r4f4zugsyzrkbjlygw8vjabqo8','seed_image_1.jpeg','image/jpeg','{\"identified\":true,\"analyzed\":true}',50429,'GDrZ9j/tojpTqWzmb5OZEQ==','2022-03-02 06:11:59'),(1039,'ojbq8bms21imfz70j0vxwipfslni','seed_image_2.jpeg','image/jpeg','{\"identified\":true,\"analyzed\":true}',18645,'zlCwdpRYrKw2dbVwUxKzkQ==','2022-03-02 06:11:59'),(1040,'0ad7kiip1p01z4wshgahja7q11zo','seed_image_3.jpeg','image/jpeg','{\"identified\":true,\"analyzed\":true}',6911,'oOck3oDyp/71p/LTVXIhqQ==','2022-03-02 06:11:59'),(1041,'7mp7qs2n0fv9houz0pmz9pr4zyjp','seed_image_0.jpeg','image/jpeg','{\"identified\":true,\"analyzed\":true}',18645,'zlCwdpRYrKw2dbVwUxKzkQ==','2022-03-02 06:12:46'),(1042,'wcz45ky0wjxgk4cigklh1jk24c3o','seed_image_1.jpeg','image/jpeg','{\"identified\":true,\"analyzed\":true}',50429,'GDrZ9j/tojpTqWzmb5OZEQ==','2022-03-02 06:12:46'),(1043,'hj6m7suhgm8w27r2a1v2ibjncsdw','seed_image_2.jpeg','image/jpeg','{\"identified\":true,\"analyzed\":true}',18645,'zlCwdpRYrKw2dbVwUxKzkQ==','2022-03-02 06:12:46'),(1044,'3am1sa52cbdn0dput6vet5czk5ws','seed_image_3.jpeg','image/jpeg','{\"identified\":true,\"analyzed\":true}',6911,'oOck3oDyp/71p/LTVXIhqQ==','2022-03-02 06:12:46'),(1045,'ql2ybo8hxoe7h4dwkeogxtzlsl20','seed_image_0.jpeg','image/jpeg','{\"identified\":true,\"analyzed\":true}',18645,'zlCwdpRYrKw2dbVwUxKzkQ==','2022-03-02 06:13:06'),(1046,'hgv84lfkpie07tdpub33e3a0f4xp','seed_image_1.jpeg','image/jpeg','{\"identified\":true,\"analyzed\":true}',50429,'GDrZ9j/tojpTqWzmb5OZEQ==','2022-03-02 06:13:06'),(1047,'b6k64637s1gx9xvo8balo3f9zu8v','seed_image_2.jpeg','image/jpeg','{\"identified\":true,\"analyzed\":true}',18645,'zlCwdpRYrKw2dbVwUxKzkQ==','2022-03-02 06:13:06'),(1048,'kx9xm90w87xjaewwbbruwl9204g8','seed_image_3.jpeg','image/jpeg','{\"identified\":true,\"analyzed\":true}',6911,'oOck3oDyp/71p/LTVXIhqQ==','2022-03-02 06:13:06'),(1049,'hoyrd5wyaxksqbay161r35qqsiz3','seed_image_4.jpeg','image/jpeg','{\"identified\":true,\"analyzed\":true}',6911,'oOck3oDyp/71p/LTVXIhqQ==','2022-03-02 06:13:06'),(1050,'x9jtol1yg7j7zpbowqkbpon0w2oc','seed_image_5.jpeg','image/jpeg','{\"identified\":true,\"analyzed\":true}',5724,'3YlxrjbO9hxQHul45QK1YA==','2022-03-02 06:13:06'),(1051,'9a3ifnayduqy320m4bdhsm26nxa8','seed_image_0.jpeg','image/jpeg','{\"identified\":true,\"analyzed\":true}',18645,'zlCwdpRYrKw2dbVwUxKzkQ==','2022-03-02 06:13:59'),(1052,'mwntwa4wehlc9upxuzbeksm9kk7b','seed_image_1.jpeg','image/jpeg','{\"identified\":true,\"analyzed\":true}',50429,'GDrZ9j/tojpTqWzmb5OZEQ==','2022-03-02 06:13:59'),(1053,'2q1fsvq5n4xeqopy5hypjp6ni954','seed_image_2.jpeg','image/jpeg','{\"identified\":true,\"analyzed\":true}',18645,'zlCwdpRYrKw2dbVwUxKzkQ==','2022-03-02 06:14:00'),(1054,'90tokfcg61rjk7qoyuq4x57x74f7','seed_image_3.jpeg','image/jpeg','{\"identified\":true,\"analyzed\":true}',6911,'oOck3oDyp/71p/LTVXIhqQ==','2022-03-02 06:14:00'),(1055,'ddd2jj43vumpemh0jlg28txnopua','seed_image_4.jpeg','image/jpeg','{\"identified\":true,\"analyzed\":true}',6911,'oOck3oDyp/71p/LTVXIhqQ==','2022-03-02 06:14:00'),(1056,'1hzj20rr21z62w8ktnrnar7y7hlb','seed_image_5.jpeg','image/jpeg','{\"identified\":true,\"analyzed\":true}',5724,'3YlxrjbO9hxQHul45QK1YA==','2022-03-02 06:14:00'),(1057,'a0n3q08b5q9mtiec0v0klw8banr3','seed_image_0.jpeg','image/jpeg','{\"identified\":true,\"analyzed\":true}',18645,'zlCwdpRYrKw2dbVwUxKzkQ==','2022-03-02 06:23:22'),(1058,'r42rrfst3yr6ftsfw5j07h1rc956','seed_image_1.jpeg','image/jpeg','{\"identified\":true,\"analyzed\":true}',50429,'GDrZ9j/tojpTqWzmb5OZEQ==','2022-03-02 06:23:22'),(1059,'puy6fsdgyzdf2l4zbpk55xy4yrhd','seed_image_2.jpeg','image/jpeg','{\"identified\":true,\"analyzed\":true}',18645,'zlCwdpRYrKw2dbVwUxKzkQ==','2022-03-02 06:23:22'),(1060,'l0z2qohpp1zzvgfs7oh9jikzpqah','seed_image_3.jpeg','image/jpeg','{\"identified\":true,\"analyzed\":true}',6911,'oOck3oDyp/71p/LTVXIhqQ==','2022-03-02 06:23:22'),(1061,'ntyjqbus66y9aa9q2mmk14c84dau','seed_image_4.jpeg','image/jpeg','{\"identified\":true,\"analyzed\":true}',6911,'oOck3oDyp/71p/LTVXIhqQ==','2022-03-02 06:23:23'),(1062,'9wqfyfvthec2uc9tecl72wuig2u8','seed_image_5.jpeg','image/jpeg','{\"identified\":true,\"analyzed\":true}',5724,'3YlxrjbO9hxQHul45QK1YA==','2022-03-02 06:23:23'),(1063,'rv7dj779jl1pgpezm0lp5g9bnog5','seed_image_0.jpeg','image/jpeg','{\"identified\":true,\"analyzed\":true}',18645,'zlCwdpRYrKw2dbVwUxKzkQ==','2022-03-02 06:23:43'),(1064,'vddvi81huh5y7u62ao9zbcycgt7j','seed_image_1.jpeg','image/jpeg','{\"identified\":true,\"analyzed\":true}',50429,'GDrZ9j/tojpTqWzmb5OZEQ==','2022-03-02 06:23:43'),(1065,'5kp830qeodn04dlv2e4ob6sydhv3','seed_image_2.jpeg','image/jpeg','{\"identified\":true,\"analyzed\":true}',18645,'zlCwdpRYrKw2dbVwUxKzkQ==','2022-03-02 06:23:43'),(1066,'yw3od3smhedfrv8bwkum89g7e70t','seed_image_3.jpeg','image/jpeg','{\"identified\":true,\"analyzed\":true}',6911,'oOck3oDyp/71p/LTVXIhqQ==','2022-03-02 06:23:43'),(1067,'mq6seci9jf4h5mf2mtoob3noqycr','seed_image_4.jpeg','image/jpeg','{\"identified\":true,\"analyzed\":true}',6911,'oOck3oDyp/71p/LTVXIhqQ==','2022-03-02 06:23:43'),(1068,'cx0c1qxngzcaw6miwus7bqi3103t','seed_image_5.jpeg','image/jpeg','{\"identified\":true,\"analyzed\":true}',5724,'3YlxrjbO9hxQHul45QK1YA==','2022-03-02 06:23:43'),(1069,'llff7ks8mo574ek1enpwwae54j6f','seed_image_0.jpeg','image/jpeg','{\"identified\":true,\"analyzed\":true}',18645,'zlCwdpRYrKw2dbVwUxKzkQ==','2022-03-02 06:25:17'),(1070,'iebjn1yogggi8v2pfl9j3imwbidq','seed_image_1.jpeg','image/jpeg','{\"identified\":true,\"analyzed\":true}',50429,'GDrZ9j/tojpTqWzmb5OZEQ==','2022-03-02 06:25:17'),(1071,'dxiql7h8chg9h1bjc73jvce3rkmz','seed_image_2.jpeg','image/jpeg','{\"identified\":true,\"analyzed\":true}',18645,'zlCwdpRYrKw2dbVwUxKzkQ==','2022-03-02 06:25:17'),(1072,'l49vsoz9bwacz9ulybx8d1glpazb','seed_image_3.jpeg','image/jpeg','{\"identified\":true,\"analyzed\":true}',6911,'oOck3oDyp/71p/LTVXIhqQ==','2022-03-02 06:25:17'),(1073,'gutbetftsqc4b0hjylwm3546h1tj','seed_image_4.jpeg','image/jpeg','{\"identified\":true,\"analyzed\":true}',6911,'oOck3oDyp/71p/LTVXIhqQ==','2022-03-02 06:25:17'),(1074,'kxkdo9nt717mffm7dge829dujzq5','seed_image_5.jpeg','image/jpeg','{\"identified\":true,\"analyzed\":true}',5724,'3YlxrjbO9hxQHul45QK1YA==','2022-03-02 06:25:17'),(1075,'9nlxnufi5avyc10qg11ez4r1unrs','seed_image_0.jpeg','image/jpeg','{\"identified\":true,\"analyzed\":true}',18645,'zlCwdpRYrKw2dbVwUxKzkQ==','2022-03-02 06:30:22'),(1076,'pgus7sc5tlol64r84js3x5ao8cjx','seed_image_1.jpeg','image/jpeg','{\"identified\":true,\"analyzed\":true}',50429,'GDrZ9j/tojpTqWzmb5OZEQ==','2022-03-02 06:30:22'),(1077,'hkr0khbgcep6ub7x130r8wsk7jzm','seed_image_2.jpeg','image/jpeg','{\"identified\":true,\"analyzed\":true}',18645,'zlCwdpRYrKw2dbVwUxKzkQ==','2022-03-02 06:30:22'),(1078,'1lwj001xms9wwx8qcvvzcyq8bg6k','seed_image_3.jpeg','image/jpeg','{\"identified\":true,\"analyzed\":true}',6911,'oOck3oDyp/71p/LTVXIhqQ==','2022-03-02 06:30:23'),(1079,'b2yv8024xq6v87dqjfb8efcro9ae','seed_image_4.jpeg','image/jpeg','{\"identified\":true,\"analyzed\":true}',6911,'oOck3oDyp/71p/LTVXIhqQ==','2022-03-02 06:30:23'),(1080,'8fa2a92ou995hd1herof43zswk5u','seed_image_5.jpeg','image/jpeg','{\"identified\":true,\"analyzed\":true}',5724,'3YlxrjbO9hxQHul45QK1YA==','2022-03-02 06:30:23'),(1081,'zb248zvi9xz9goztm7ggnlz9j7fr','funny_anime_screenshots__blimp_lips_by_totalfangirl985782_d5sn6cf-fullview.jpeg','image/jpeg','{\"identified\":true,\"analyzed\":true}',38509,'5KyXIMMIHCSf8nei2qdO7w==','2022-03-02 06:30:45'),(1082,'pq95psy60yhv31x2hjbf992m65pu','seed_image_0.jpeg','image/jpeg','{\"identified\":true,\"analyzed\":true}',18645,'zlCwdpRYrKw2dbVwUxKzkQ==','2022-03-02 06:32:02'),(1083,'s5sciekeb7p0zbdix8b4bzin9i14','seed_image_1.jpeg','image/jpeg','{\"identified\":true,\"analyzed\":true}',50429,'GDrZ9j/tojpTqWzmb5OZEQ==','2022-03-02 06:32:03'),(1084,'ewgqn46x1s5ayw8xng2x5lw2qomv','seed_image_2.jpeg','image/jpeg','{\"identified\":true,\"analyzed\":true}',18645,'zlCwdpRYrKw2dbVwUxKzkQ==','2022-03-02 06:32:03'),(1085,'v8gfhyyrokyen66178b756glx02b','seed_image_3.jpeg','image/jpeg','{\"identified\":true,\"analyzed\":true}',6911,'oOck3oDyp/71p/LTVXIhqQ==','2022-03-02 06:32:03'),(1086,'lsy51kb63mb1gb0w5g4r0jr7nfq6','seed_image_4.jpeg','image/jpeg','{\"identified\":true,\"analyzed\":true}',6911,'oOck3oDyp/71p/LTVXIhqQ==','2022-03-02 06:32:03'),(1087,'2ajgd7j4yflxe69lp4pcu2s8h12p','seed_image_5.jpeg','image/jpeg','{\"identified\":true,\"analyzed\":true}',5724,'3YlxrjbO9hxQHul45QK1YA==','2022-03-02 06:32:03'),(1088,'zbsnji238zhvyjl9g03adzxl3n9v','seed_image_0.jpeg','image/jpeg','{\"identified\":true,\"analyzed\":true}',18645,'zlCwdpRYrKw2dbVwUxKzkQ==','2022-03-02 06:32:17'),(1089,'uuj3kl0w2bspkv21w55rtbs58ced','seed_image_1.jpeg','image/jpeg','{\"identified\":true,\"analyzed\":true}',50429,'GDrZ9j/tojpTqWzmb5OZEQ==','2022-03-02 06:32:17'),(1090,'6kggf0pb900guiwpfzu3iaico0k7','seed_image_2.jpeg','image/jpeg','{\"identified\":true,\"analyzed\":true}',18645,'zlCwdpRYrKw2dbVwUxKzkQ==','2022-03-02 06:32:17'),(1091,'i37uq397rsbh0zzkxvgl8xmnlghw','seed_image_3.jpeg','image/jpeg','{\"identified\":true,\"analyzed\":true}',6911,'oOck3oDyp/71p/LTVXIhqQ==','2022-03-02 06:32:18'),(1092,'bpro3d10svcso3z0bl1ou54awv2t','seed_image_4.jpeg','image/jpeg','{\"identified\":true,\"analyzed\":true}',6911,'oOck3oDyp/71p/LTVXIhqQ==','2022-03-02 06:32:18'),(1093,'dfs09n5dkv2br1i9fslzyl84gg5n','seed_image_5.jpeg','image/jpeg','{\"identified\":true,\"analyzed\":true}',5724,'3YlxrjbO9hxQHul45QK1YA==','2022-03-02 06:32:18'),(1094,'t5wq3cimx9moxiqwixfralsbgpbi','seed_image_0.jpeg','image/jpeg','{\"identified\":true,\"analyzed\":true}',18645,'zlCwdpRYrKw2dbVwUxKzkQ==','2022-03-02 06:32:53'),(1095,'lnh2j9ksx4sj6ysxnw29se88apec','seed_image_1.jpeg','image/jpeg','{\"identified\":true,\"analyzed\":true}',50429,'GDrZ9j/tojpTqWzmb5OZEQ==','2022-03-02 06:32:53'),(1096,'vazuwn8xiaf9kt395833qpkev8jz','seed_image_2.jpeg','image/jpeg','{\"identified\":true,\"analyzed\":true}',18645,'zlCwdpRYrKw2dbVwUxKzkQ==','2022-03-02 06:32:53'),(1097,'9m78zyxfpva2czxi26h9o2710pfq','seed_image_3.jpeg','image/jpeg','{\"identified\":true,\"analyzed\":true}',6911,'oOck3oDyp/71p/LTVXIhqQ==','2022-03-02 06:32:53'),(1098,'n3sumirgijhzodzsn1000e3ymt1a','seed_image_4.jpeg','image/jpeg','{\"identified\":true,\"analyzed\":true}',6911,'oOck3oDyp/71p/LTVXIhqQ==','2022-03-02 06:32:53'),(1099,'81spuf7es5mqbt2sjxwx1ds4rkg4','seed_image_5.jpeg','image/jpeg','{\"identified\":true,\"analyzed\":true}',5724,'3YlxrjbO9hxQHul45QK1YA==','2022-03-02 06:32:53'),(1100,'htkgrduhb4ksy5iqkz4g9hqmw84t','seed_image_0.jpeg','image/jpeg','{\"identified\":true,\"analyzed\":true}',18645,'zlCwdpRYrKw2dbVwUxKzkQ==','2022-03-02 06:34:24'),(1101,'yheipc5kyquid8fcgg5d6qrdncb9','seed_image_1.jpeg','image/jpeg','{\"identified\":true,\"analyzed\":true}',50429,'GDrZ9j/tojpTqWzmb5OZEQ==','2022-03-02 06:34:25'),(1102,'cck76py1tejo1io8hb9aljzhacct','seed_image_2.jpeg','image/jpeg','{\"identified\":true,\"analyzed\":true}',18645,'zlCwdpRYrKw2dbVwUxKzkQ==','2022-03-02 06:34:25'),(1103,'a6ro6lyv9t2ey9aq416rtvkmn1o8','seed_image_3.jpeg','image/jpeg','{\"identified\":true,\"analyzed\":true}',6911,'oOck3oDyp/71p/LTVXIhqQ==','2022-03-02 06:34:25'),(1104,'cq2kmv5doz0wbzteqkmd4k7u25dv','seed_image_4.jpeg','image/jpeg','{\"identified\":true,\"analyzed\":true}',6911,'oOck3oDyp/71p/LTVXIhqQ==','2022-03-02 06:34:25'),(1105,'czytmzjcjxjhnn5k0em1wlb83vcn','seed_image_5.jpeg','image/jpeg','{\"identified\":true,\"analyzed\":true}',5724,'3YlxrjbO9hxQHul45QK1YA==','2022-03-02 06:34:25'),(1106,'9xjv4asi6p839l0lsnzp1veuolvl','seed_image_0.jpeg','image/jpeg','{\"identified\":true,\"analyzed\":true}',18645,'zlCwdpRYrKw2dbVwUxKzkQ==','2022-03-02 06:36:12'),(1107,'pgzkumpnxdom16cxa3qw5h8ymtw3','seed_image_1.jpeg','image/jpeg','{\"identified\":true,\"analyzed\":true}',50429,'GDrZ9j/tojpTqWzmb5OZEQ==','2022-03-02 06:36:12'),(1108,'fawjrt9iejhnlxa7soq9fyiw40fj','seed_image_2.jpeg','image/jpeg','{\"identified\":true,\"analyzed\":true}',18645,'zlCwdpRYrKw2dbVwUxKzkQ==','2022-03-02 06:36:12'),(1109,'0y758xk2skybgncz6vykcmwxtbsw','seed_image_3.jpeg','image/jpeg','{\"identified\":true,\"analyzed\":true}',6911,'oOck3oDyp/71p/LTVXIhqQ==','2022-03-02 06:36:12'),(1110,'5t070gpe2075eq773ht0zdt3qd7b','seed_image_4.jpeg','image/jpeg','{\"identified\":true,\"analyzed\":true}',6911,'oOck3oDyp/71p/LTVXIhqQ==','2022-03-02 06:36:13'),(1111,'zmb48jasom2pv7fecs43y266j82b','seed_image_5.jpeg','image/jpeg','{\"identified\":true,\"analyzed\":true}',5724,'3YlxrjbO9hxQHul45QK1YA==','2022-03-02 06:36:13'),(1112,'9zflgkkedhlgezayowhw7ns7o54q','seed_image_0.jpeg','image/jpeg','{\"identified\":true,\"analyzed\":true}',18645,'zlCwdpRYrKw2dbVwUxKzkQ==','2022-03-02 06:43:38'),(1113,'os8uazhlbkq576v5g39d0k18vql6','seed_image_1.jpeg','image/jpeg','{\"identified\":true,\"analyzed\":true}',50429,'GDrZ9j/tojpTqWzmb5OZEQ==','2022-03-02 06:43:38'),(1114,'475p7303ee6ky5npbmkvlk456twy','seed_image_2.jpeg','image/jpeg','{\"identified\":true,\"analyzed\":true}',18645,'zlCwdpRYrKw2dbVwUxKzkQ==','2022-03-02 06:43:38'),(1115,'3fb3045xjt04xw1582iif2tf80i6','seed_image_3.jpeg','image/jpeg','{\"identified\":true,\"analyzed\":true}',6911,'oOck3oDyp/71p/LTVXIhqQ==','2022-03-02 06:43:39'),(1116,'krlrg4uuafrx7f3hy9mm6ljimhlx','seed_image_4.jpeg','image/jpeg','{\"identified\":true,\"analyzed\":true}',6911,'oOck3oDyp/71p/LTVXIhqQ==','2022-03-02 06:43:39'),(1117,'paqv7jiin63dh9035e3dlkwb097w','seed_image_5.jpeg','image/jpeg','{\"identified\":true,\"analyzed\":true}',5724,'3YlxrjbO9hxQHul45QK1YA==','2022-03-02 06:43:39'),(1118,'gres67ea0vmfz5lt12ndtllrvnvj','seed_image_0.jpeg','image/jpeg','{\"identified\":true,\"analyzed\":true}',18645,'zlCwdpRYrKw2dbVwUxKzkQ==','2022-03-02 06:44:11'),(1119,'kiwf7c937vafk60ewg3p0bfxsbiu','seed_image_1.jpeg','image/jpeg','{\"identified\":true,\"analyzed\":true}',50429,'GDrZ9j/tojpTqWzmb5OZEQ==','2022-03-02 06:44:11'),(1120,'56dkgxrmyujwd4eadwjmctbv9rcm','seed_image_2.jpeg','image/jpeg','{\"identified\":true,\"analyzed\":true}',18645,'zlCwdpRYrKw2dbVwUxKzkQ==','2022-03-02 06:44:11'),(1121,'lz5tomgb269jxe5renvy9qg3j7t2','seed_image_3.jpeg','image/jpeg','{\"identified\":true,\"analyzed\":true}',6911,'oOck3oDyp/71p/LTVXIhqQ==','2022-03-02 06:44:11'),(1122,'rut8akvikqrzgonfqxjqprtnr58m','seed_image_4.jpeg','image/jpeg','{\"identified\":true,\"analyzed\":true}',6911,'oOck3oDyp/71p/LTVXIhqQ==','2022-03-02 06:44:11'),(1123,'bvjtppu7xmai6jkszap4kshbf2vb','seed_image_5.jpeg','image/jpeg','{\"identified\":true,\"analyzed\":true}',5724,'3YlxrjbO9hxQHul45QK1YA==','2022-03-02 06:44:11'),(1124,'r5jdwly9701fq9vv9hykt2ygnazt','seed_image_0.jpeg','image/jpeg','{\"identified\":true,\"analyzed\":true}',18645,'zlCwdpRYrKw2dbVwUxKzkQ==','2022-03-02 06:45:02'),(1125,'3kcjqlxreno5p75p8bfwyjx2ny8x','seed_image_1.jpeg','image/jpeg','{\"identified\":true,\"analyzed\":true}',50429,'GDrZ9j/tojpTqWzmb5OZEQ==','2022-03-02 06:45:02'),(1126,'fns005br5eq7c7yyaezn02pfzs5p','seed_image_2.jpeg','image/jpeg','{\"identified\":true,\"analyzed\":true}',18645,'zlCwdpRYrKw2dbVwUxKzkQ==','2022-03-02 06:45:02'),(1127,'u4adcqtolwrbv1yesgluh4221odt','seed_image_3.jpeg','image/jpeg','{\"identified\":true,\"analyzed\":true}',6911,'oOck3oDyp/71p/LTVXIhqQ==','2022-03-02 06:45:02'),(1128,'vf0e1tfvmufybxw03akfdhmkf7er','seed_image_4.jpeg','image/jpeg','{\"identified\":true,\"analyzed\":true}',6911,'oOck3oDyp/71p/LTVXIhqQ==','2022-03-02 06:45:02'),(1129,'d6ihihxt9ddbxjky4r85p0je3b21','seed_image_5.jpeg','image/jpeg','{\"identified\":true,\"analyzed\":true}',5724,'3YlxrjbO9hxQHul45QK1YA==','2022-03-02 06:45:02'),(1130,'twzce2929hapmoprp4war640jq12','seed_image_0.jpeg','image/jpeg','{\"identified\":true,\"analyzed\":true}',18645,'zlCwdpRYrKw2dbVwUxKzkQ==','2022-03-02 06:45:24'),(1131,'7qzri2yiqcfs8ndw5yi2o6w5qlce','seed_image_1.jpeg','image/jpeg','{\"identified\":true,\"analyzed\":true}',50429,'GDrZ9j/tojpTqWzmb5OZEQ==','2022-03-02 06:45:24'),(1132,'acnwvi2xw69z12sxqg2omuaj01q1','seed_image_2.jpeg','image/jpeg','{\"identified\":true,\"analyzed\":true}',18645,'zlCwdpRYrKw2dbVwUxKzkQ==','2022-03-02 06:45:24'),(1133,'v2kng7t3plca115wm06jry0xnryt','seed_image_3.jpeg','image/jpeg','{\"identified\":true,\"analyzed\":true}',6911,'oOck3oDyp/71p/LTVXIhqQ==','2022-03-02 06:45:25'),(1134,'ljz9hf8hf2ptzckmnle5vz6yos0a','seed_image_4.jpeg','image/jpeg','{\"identified\":true,\"analyzed\":true}',6911,'oOck3oDyp/71p/LTVXIhqQ==','2022-03-02 06:45:25'),(1135,'xb62yya3idc07fjjqliokxxc4p43','seed_image_5.jpeg','image/jpeg','{\"identified\":true,\"analyzed\":true}',5724,'3YlxrjbO9hxQHul45QK1YA==','2022-03-02 06:45:25'),(1136,'dvghln0ha09fls79z27yb44o4bes','seed_image_0.jpeg','image/jpeg','{\"identified\":true,\"analyzed\":true}',18645,'zlCwdpRYrKw2dbVwUxKzkQ==','2022-03-02 06:45:48'),(1137,'r7jfzum86bp2zvt7vneqjbdv4mpz','seed_image_1.jpeg','image/jpeg','{\"identified\":true,\"analyzed\":true}',50429,'GDrZ9j/tojpTqWzmb5OZEQ==','2022-03-02 06:45:48'),(1138,'nzcnedj72ul45rqxsanik1c4tvkc','seed_image_2.jpeg','image/jpeg','{\"identified\":true,\"analyzed\":true}',18645,'zlCwdpRYrKw2dbVwUxKzkQ==','2022-03-02 06:45:48'),(1139,'62ad5q6sk4nck26vnluxirye2uyn','seed_image_3.jpeg','image/jpeg','{\"identified\":true,\"analyzed\":true}',6911,'oOck3oDyp/71p/LTVXIhqQ==','2022-03-02 06:45:48'),(1140,'r70dr7zvwts3qrm805lu765s559o','seed_image_4.jpeg','image/jpeg','{\"identified\":true,\"analyzed\":true}',6911,'oOck3oDyp/71p/LTVXIhqQ==','2022-03-02 06:45:48'),(1141,'7y2fq4s4tc5i3szps8nb4yojohe0','seed_image_5.jpeg','image/jpeg','{\"identified\":true,\"analyzed\":true}',5724,'3YlxrjbO9hxQHul45QK1YA==','2022-03-02 06:45:48'),(1142,'2c0h3pc8tbqcmmazun7j9l4zy9u9','seed_movie_image_0.jpeg','image/jpeg','{\"identified\":true,\"analyzed\":true}',26463,'9XfGWGD9R8C8qhJ0ExeUOA==','2022-03-02 06:45:48'),(1143,'3laecwkxx3asadrhtfqrc723zj7g','seed_movie_image_1.jpeg','image/jpeg','{\"identified\":true,\"analyzed\":true}',21005,'VoBiApFxBpTchTuqBqAoMA==','2022-03-02 06:45:48'),(1144,'wsq4n0wr8gpsx6pf239uuxphtrur','seed_movie_image_2.jpeg','image/jpeg','{\"identified\":true,\"analyzed\":true}',40805,'F51YQb8CtRXwkIdA4oRiYw==','2022-03-02 06:45:49'),(1145,'cbpxaptseqi14oho0ocaxnmc5cmd','seed_movie_image_3.jpeg','image/jpeg','{\"identified\":true,\"analyzed\":true}',38509,'5KyXIMMIHCSf8nei2qdO7w==','2022-03-02 06:45:49'),(1146,'bkrypegrvh4hlbj6o8bnlctfztze','seed_movie_image_4.jpeg','image/jpeg','{\"identified\":true,\"analyzed\":true}',41124,'Q8P9Nebs1Q6R66gZSINXrg==','2022-03-02 06:45:49'),(1147,'upj2p2lpxjghy9jya71dvot0fmzz','seed_movie_image_5.jpeg','image/jpeg','{\"identified\":true,\"analyzed\":true}',48584,'BpiF7X3GUqF/zuLhiDehow==','2022-03-02 06:45:49'),(1148,'t2noee46ks7ooc9igpzd9tyzkxqh','seed_image_0.jpeg','image/jpeg','{\"identified\":true,\"analyzed\":true}',18645,'zlCwdpRYrKw2dbVwUxKzkQ==','2022-03-02 06:54:43'),(1149,'7gm9m701j2xfrsv70shkx21nj059','seed_image_1.jpeg','image/jpeg','{\"identified\":true,\"analyzed\":true}',50429,'GDrZ9j/tojpTqWzmb5OZEQ==','2022-03-02 06:54:43'),(1150,'9povpr0eo5if87e2l5ogklnqap8i','seed_image_2.jpeg','image/jpeg','{\"identified\":true,\"analyzed\":true}',18645,'zlCwdpRYrKw2dbVwUxKzkQ==','2022-03-02 06:54:43'),(1151,'mltwe372izeo779x3c9v5xi5drcf','seed_image_3.jpeg','image/jpeg','{\"identified\":true,\"analyzed\":true}',6911,'oOck3oDyp/71p/LTVXIhqQ==','2022-03-02 06:54:43'),(1152,'tlu0rhdjd4rbd8efxo7z6n1iqfj8','seed_image_4.jpeg','image/jpeg','{\"identified\":true,\"analyzed\":true}',6911,'oOck3oDyp/71p/LTVXIhqQ==','2022-03-02 06:54:43'),(1153,'3poqvymldpgnpp58lja876u5id9n','seed_image_5.jpeg','image/jpeg','{\"identified\":true,\"analyzed\":true}',5724,'3YlxrjbO9hxQHul45QK1YA==','2022-03-02 06:54:43'),(1154,'ucdk6ll5xcnsjy2esbxm54nk6dq2','seed_image_0.jpeg','image/jpeg','{\"identified\":true,\"analyzed\":true}',18645,'zlCwdpRYrKw2dbVwUxKzkQ==','2022-03-02 06:55:10'),(1155,'555fxymkzz96udw2qayhnvhamamq','seed_image_1.jpeg','image/jpeg','{\"identified\":true,\"analyzed\":true}',50429,'GDrZ9j/tojpTqWzmb5OZEQ==','2022-03-02 06:55:10'),(1156,'qnpf6wrhbc0ks3wu90rbe03c1v5h','seed_image_2.jpeg','image/jpeg','{\"identified\":true,\"analyzed\":true}',18645,'zlCwdpRYrKw2dbVwUxKzkQ==','2022-03-02 06:55:10'),(1157,'e828r6l6bf9oklhe1epmaj3d6x1i','seed_image_3.jpeg','image/jpeg','{\"identified\":true,\"analyzed\":true}',6911,'oOck3oDyp/71p/LTVXIhqQ==','2022-03-02 06:55:10'),(1158,'l5h99be0qxqnwd3nm5lwy9hxp1xh','seed_image_4.jpeg','image/jpeg','{\"identified\":true,\"analyzed\":true}',6911,'oOck3oDyp/71p/LTVXIhqQ==','2022-03-02 06:55:10'),(1159,'qje2hkkwhf73atsr9e5nq9jwhunq','seed_image_5.jpeg','image/jpeg','{\"identified\":true,\"analyzed\":true}',5724,'3YlxrjbO9hxQHul45QK1YA==','2022-03-02 06:55:10'),(1166,'0rrk8hb1ap0j6faw2lb7f18x3tio','seed_image_0.jpeg','image/jpeg','{\"identified\":true,\"analyzed\":true}',18645,'zlCwdpRYrKw2dbVwUxKzkQ==','2022-03-02 06:57:00'),(1167,'mpak3yzixnd3854ylkulwr0qam7v','seed_image_1.jpeg','image/jpeg','{\"identified\":true,\"analyzed\":true}',50429,'GDrZ9j/tojpTqWzmb5OZEQ==','2022-03-02 06:57:01'),(1168,'0az8a07l78oesdqpm164mciwyu5j','seed_image_2.jpeg','image/jpeg','{\"identified\":true,\"analyzed\":true}',18645,'zlCwdpRYrKw2dbVwUxKzkQ==','2022-03-02 06:57:01'),(1169,'xjkqaqmqgqrbpol36v6crl0kedf3','seed_image_3.jpeg','image/jpeg','{\"identified\":true,\"analyzed\":true}',6911,'oOck3oDyp/71p/LTVXIhqQ==','2022-03-02 06:57:01'),(1170,'bliutt3tyn9v1hbpxpjpdxdsp0dw','seed_image_4.jpeg','image/jpeg','{\"identified\":true,\"analyzed\":true}',6911,'oOck3oDyp/71p/LTVXIhqQ==','2022-03-02 06:57:01'),(1171,'k8z8jv9rgmw8sjiwrs7fdhtqtumw','seed_image_5.jpeg','image/jpeg','{\"identified\":true,\"analyzed\":true}',5724,'3YlxrjbO9hxQHul45QK1YA==','2022-03-02 06:57:01'),(1173,'qoycecwzx86oujo9kqxxi0ly1a04','seed_image_0.jpeg','image/jpeg','{\"identified\":true,\"analyzed\":true}',18645,'zlCwdpRYrKw2dbVwUxKzkQ==','2022-03-02 06:57:13'),(1174,'fr3pudkle278hp47230aeulw7nup','seed_image_1.jpeg','image/jpeg','{\"identified\":true,\"analyzed\":true}',50429,'GDrZ9j/tojpTqWzmb5OZEQ==','2022-03-02 06:57:13'),(1175,'idqofb2ws0qsixrptjqyuu90p7y6','seed_image_2.jpeg','image/jpeg','{\"identified\":true,\"analyzed\":true}',18645,'zlCwdpRYrKw2dbVwUxKzkQ==','2022-03-02 06:57:13'),(1176,'3v5xpot0zrasaw2hb27ziq5wu5ud','seed_image_3.jpeg','image/jpeg','{\"identified\":true,\"analyzed\":true}',6911,'oOck3oDyp/71p/LTVXIhqQ==','2022-03-02 06:57:13'),(1177,'1cixixmtbonhw6bczr8uw7184059','seed_image_4.jpeg','image/jpeg','{\"identified\":true,\"analyzed\":true}',6911,'oOck3oDyp/71p/LTVXIhqQ==','2022-03-02 06:57:14'),(1178,'hxu2hhvxeyfhfphqa01f786ysb37','seed_image_5.jpeg','image/jpeg','{\"identified\":true,\"analyzed\":true}',5724,'3YlxrjbO9hxQHul45QK1YA==','2022-03-02 06:57:14'),(1179,'umpemes9lpyz0bv8v0nmyvj0lsng','seed_image_0.jpeg','image/jpeg','{\"identified\":true,\"analyzed\":true}',18645,'zlCwdpRYrKw2dbVwUxKzkQ==','2022-03-02 06:57:34'),(1180,'4my8rgrio3iao2czaiilfhkg9x2o','seed_image_1.jpeg','image/jpeg','{\"identified\":true,\"analyzed\":true}',50429,'GDrZ9j/tojpTqWzmb5OZEQ==','2022-03-02 06:57:35'),(1181,'en9boys2lgskijhfdtaxwddlrhgo','seed_image_2.jpeg','image/jpeg','{\"identified\":true,\"analyzed\":true}',18645,'zlCwdpRYrKw2dbVwUxKzkQ==','2022-03-02 06:57:35'),(1182,'obcp4p41zey47ek42lbz9wobg484','seed_image_3.jpeg','image/jpeg','{\"identified\":true,\"analyzed\":true}',6911,'oOck3oDyp/71p/LTVXIhqQ==','2022-03-02 06:57:35'),(1183,'ie2ahjtr69fzezzi2wsbfb9hsl6p','seed_image_4.jpeg','image/jpeg','{\"identified\":true,\"analyzed\":true}',6911,'oOck3oDyp/71p/LTVXIhqQ==','2022-03-02 06:57:35'),(1184,'ybtr3xnxv6xud8jcpotujkhnasks','seed_image_5.jpeg','image/jpeg','{\"identified\":true,\"analyzed\":true}',5724,'3YlxrjbO9hxQHul45QK1YA==','2022-03-02 06:57:35'),(1191,'dmcbgf17e2qa6k7o2as9zey1cs13','seed_image_0.jpeg','image/jpeg','{\"identified\":true,\"analyzed\":true}',18645,'zlCwdpRYrKw2dbVwUxKzkQ==','2022-03-02 07:45:49'),(1192,'hxpf292nsidgzr1zrs20wbokj9b2','seed_image_1.jpeg','image/jpeg','{\"identified\":true,\"analyzed\":true}',50429,'GDrZ9j/tojpTqWzmb5OZEQ==','2022-03-02 07:45:50'),(1193,'vsglim403pe4y51mq81mc1l8rpdb','seed_image_2.jpeg','image/jpeg','{\"identified\":true,\"analyzed\":true}',18645,'zlCwdpRYrKw2dbVwUxKzkQ==','2022-03-02 07:45:50'),(1194,'towcgost6ke492woxtcbbmcol5vo','seed_image_3.jpeg','image/jpeg','{\"identified\":true,\"analyzed\":true}',6911,'oOck3oDyp/71p/LTVXIhqQ==','2022-03-02 07:45:50'),(1195,'8jgzgo46m62xgj7dt8xo0sqpyjpl','seed_image_4.jpeg','image/jpeg','{\"identified\":true,\"analyzed\":true}',6911,'oOck3oDyp/71p/LTVXIhqQ==','2022-03-02 07:45:50'),(1196,'qls8eue2uyv2zhmmj5o1trly02fm','seed_image_5.jpeg','image/jpeg','{\"identified\":true,\"analyzed\":true}',5724,'3YlxrjbO9hxQHul45QK1YA==','2022-03-02 07:45:50'),(1197,'p1qu8dvdntann2kiztvz6a38hyv5','seed_image_0.jpeg','image/jpeg','{\"identified\":true,\"analyzed\":true}',18645,'zlCwdpRYrKw2dbVwUxKzkQ==','2022-03-02 07:46:13'),(1198,'vrcd4m50w9s1l6bizuplxr3w3yy0','seed_image_1.jpeg','image/jpeg','{\"identified\":true,\"analyzed\":true}',50429,'GDrZ9j/tojpTqWzmb5OZEQ==','2022-03-02 07:46:13'),(1199,'h40un9sfqe6160ddhbmd2fnvk9wx','seed_image_2.jpeg','image/jpeg','{\"identified\":true,\"analyzed\":true}',18645,'zlCwdpRYrKw2dbVwUxKzkQ==','2022-03-02 07:46:13'),(1200,'rtypvmg7u9vjitz7kofb424tbz15','seed_image_3.jpeg','image/jpeg','{\"identified\":true,\"analyzed\":true}',6911,'oOck3oDyp/71p/LTVXIhqQ==','2022-03-02 07:46:13'),(1201,'uupqjutiqu6e8pu121xx2ny6mz7h','seed_image_4.jpeg','image/jpeg','{\"identified\":true,\"analyzed\":true}',6911,'oOck3oDyp/71p/LTVXIhqQ==','2022-03-02 07:46:14'),(1202,'ibxm6tohskeq2tn1ywlpb08znjjr','seed_image_5.jpeg','image/jpeg','{\"identified\":true,\"analyzed\":true}',5724,'3YlxrjbO9hxQHul45QK1YA==','2022-03-02 07:46:14'),(1203,'fz5s6wdqpjtds7mld8us0v3i8osl','seed_image_0.jpeg','image/jpeg','{\"identified\":true,\"analyzed\":true}',18645,'zlCwdpRYrKw2dbVwUxKzkQ==','2022-03-02 07:47:12'),(1204,'s52tpf0e78incur7arpyck4um2b1','seed_image_1.jpeg','image/jpeg','{\"identified\":true,\"analyzed\":true}',50429,'GDrZ9j/tojpTqWzmb5OZEQ==','2022-03-02 07:47:12'),(1205,'kyr6iu8h10elamt86enwjw6lvxew','seed_image_2.jpeg','image/jpeg','{\"identified\":true,\"analyzed\":true}',18645,'zlCwdpRYrKw2dbVwUxKzkQ==','2022-03-02 07:47:12'),(1206,'kmplwf8xv15k21o36cseyr2q0arp','seed_image_3.jpeg','image/jpeg','{\"identified\":true,\"analyzed\":true}',6911,'oOck3oDyp/71p/LTVXIhqQ==','2022-03-02 07:47:12'),(1207,'nnz6hce71jfb45zl1yw5mtzgs7vc','seed_image_4.jpeg','image/jpeg','{\"identified\":true,\"analyzed\":true}',6911,'oOck3oDyp/71p/LTVXIhqQ==','2022-03-02 07:47:12'),(1208,'ap69apiski5ddca1tbdlux7pdhra','seed_image_5.jpeg','image/jpeg','{\"identified\":true,\"analyzed\":true}',5724,'3YlxrjbO9hxQHul45QK1YA==','2022-03-02 07:47:12'),(1211,'cqqj3m9nag3jzi5bjkg8knoylw40','seed_movie_image_2.jpeg','image/jpeg','{\"identified\":true,\"analyzed\":true}',40805,'F51YQb8CtRXwkIdA4oRiYw==','2022-03-02 07:47:13'),(1212,'gg5fe8vt7jtjx2mnuvu969lr9ryb','seed_movie_image_3.jpeg','image/jpeg','{\"identified\":true,\"analyzed\":true}',38509,'5KyXIMMIHCSf8nei2qdO7w==','2022-03-02 07:47:13'),(1213,'w8wjsjmnokfcre3ajr9wvkmunyjr','seed_movie_image_4.jpeg','image/jpeg','{\"identified\":true,\"analyzed\":true}',41124,'Q8P9Nebs1Q6R66gZSINXrg==','2022-03-02 07:47:13'),(1214,'oe2qb7g6dukr1pv5c8i84f466g5d','seed_movie_image_5.jpeg','image/jpeg','{\"identified\":true,\"analyzed\":true}',48584,'BpiF7X3GUqF/zuLhiDehow==','2022-03-02 07:47:13'),(1227,'umkoy5t8qkvj0z268t3qbu3aktm7','seed_image_0.jpeg','image/jpeg','{\"identified\":true,\"analyzed\":true}',18645,'zlCwdpRYrKw2dbVwUxKzkQ==','2022-03-02 08:26:00'),(1228,'xqe28g6cizpseie7bhgcyjra6tks','seed_image_1.jpeg','image/jpeg','{\"identified\":true,\"analyzed\":true}',50429,'GDrZ9j/tojpTqWzmb5OZEQ==','2022-03-02 08:26:01'),(1229,'j8gnw8h8q4cy0dfkju85ymh8wj16','seed_image_2.jpeg','image/jpeg','{\"identified\":true,\"analyzed\":true}',18645,'zlCwdpRYrKw2dbVwUxKzkQ==','2022-03-02 08:26:01'),(1230,'nhnr7h6tfh423anmk4r5n4apgrl4','seed_image_3.jpeg','image/jpeg','{\"identified\":true,\"analyzed\":true}',6911,'oOck3oDyp/71p/LTVXIhqQ==','2022-03-02 08:26:01'),(1231,'ivkp71j2qi30affznei1smjd79cj','seed_image_4.jpeg','image/jpeg','{\"identified\":true,\"analyzed\":true}',6911,'oOck3oDyp/71p/LTVXIhqQ==','2022-03-02 08:26:01'),(1232,'8byzfoqai4kx4om12o4vn5vkh8z7','seed_image_5.jpeg','image/jpeg','{\"identified\":true,\"analyzed\":true}',5724,'3YlxrjbO9hxQHul45QK1YA==','2022-03-02 08:26:01'),(1233,'l5hkgrw9o4ljw1w8wzbl0r0h5nyy','seed_movie_image_0.jpeg','image/jpeg','{\"identified\":true,\"analyzed\":true}',26463,'9XfGWGD9R8C8qhJ0ExeUOA==','2022-03-02 08:26:02'),(1234,'586nhpdjc0ezi9qlnayy4f0an4gh','seed_movie_image_1.jpeg','image/jpeg','{\"identified\":true,\"analyzed\":true}',21005,'VoBiApFxBpTchTuqBqAoMA==','2022-03-02 08:26:02'),(1235,'y36pk28mtf7hu3ay3t7eqv75zy3w','seed_movie_image_2.jpeg','image/jpeg','{\"identified\":true,\"analyzed\":true}',40805,'F51YQb8CtRXwkIdA4oRiYw==','2022-03-02 08:26:02'),(1236,'jq5rxh6tlpaenxpcj7nzpcmku434','seed_movie_image_3.jpeg','image/jpeg','{\"identified\":true,\"analyzed\":true}',38509,'5KyXIMMIHCSf8nei2qdO7w==','2022-03-02 08:26:02'),(1237,'f2wbd44cha2owfe2zvo0t8ryul5d','seed_movie_image_4.jpeg','image/jpeg','{\"identified\":true,\"analyzed\":true}',41124,'Q8P9Nebs1Q6R66gZSINXrg==','2022-03-02 08:26:02'),(1238,'uhqfl619luf8tcxsjxakazijcukp','seed_movie_image_5.jpeg','image/jpeg','{\"identified\":true,\"analyzed\":true}',48584,'BpiF7X3GUqF/zuLhiDehow==','2022-03-02 08:26:03'),(1239,'4ny4ymidju4x39z7pxgyr8a7tgwv','Luffy_(One_Piece)_Gum_Gomu_Daze.gif','image/gif','{\"identified\":true,\"analyzed\":true}',7471305,'gCY2cWJli2Zr9jromQpwvQ==','2022-03-04 07:01:39'),(1240,'x0y6m9b5zhtaixw83f8hlydr0eke','Luffy_(One_Piece)_Gum_Gomu_Daze.gif','image/gif','{\"identified\":true,\"analyzed\":true}',7471305,'gCY2cWJli2Zr9jromQpwvQ==','2022-03-04 07:02:50'),(1241,'2ubplrzqzdo2ci8dzhtaklap69yb','russ.jpeg','image/jpeg','{\"identified\":true,\"analyzed\":true}',87378,'qNcdpf77JS1u/o12V+yNxw==','2022-03-07 08:33:17'),(1242,'s812zvbq6xzwen9egu4i2hbabdlx','richard.jpeg','image/jpeg','{\"identified\":true,\"analyzed\":true}',5724,'3YlxrjbO9hxQHul45QK1YA==','2022-03-08 00:13:40'),(1243,'a3nwg9ndvhcro0b7qi36vr04g2oj','russ.jpeg','image/jpeg','{\"identified\":true,\"analyzed\":true}',87378,'qNcdpf77JS1u/o12V+yNxw==','2022-03-08 00:15:09'),(1255,'3ulam12gx1onomi7ikz39bp5lu0z','russ.jpeg','image/jpeg','{\"identified\":true,\"analyzed\":true}',87378,'qNcdpf77JS1u/o12V+yNxw==','2022-03-08 07:17:19'),(1261,'7f617bgri5qz7ev2h5ujtdh73x5r','097be7a49f9fa4ce077d0a12a47ff9de.jpeg','image/jpeg','{\"identified\":true,\"analyzed\":true}',21005,'VoBiApFxBpTchTuqBqAoMA==','2022-03-10 02:15:42'),(1262,'wvt6d42jv7t0vwzrc0scu066eh5e','097be7a49f9fa4ce077d0a12a47ff9de.jpeg','image/jpeg','{\"identified\":true,\"analyzed\":true}',21005,'VoBiApFxBpTchTuqBqAoMA==','2022-03-10 02:17:31'),(1263,'klq0nns656hyviwe94fehshki7sc','097be7a49f9fa4ce077d0a12a47ff9de.jpeg','image/jpeg','{\"identified\":true,\"analyzed\":true}',21005,'VoBiApFxBpTchTuqBqAoMA==','2022-03-10 02:21:39');
/*!40000 ALTER TABLE `active_storage_blobs` ENABLE KEYS */;
UNLOCK TABLES;

--
-- Table structure for table `admins`
--

DROP TABLE IF EXISTS `admins`;
/*!40101 SET @saved_cs_client     = @@character_set_client */;
/*!50503 SET character_set_client = utf8mb4 */;
CREATE TABLE `admins` (
  `id` bigint NOT NULL AUTO_INCREMENT,
  `email` varchar(255) NOT NULL DEFAULT '',
  `encrypted_password` varchar(255) NOT NULL DEFAULT '',
  `reset_password_token` varchar(255) DEFAULT NULL,
  `reset_password_sent_at` datetime DEFAULT NULL,
  `remember_created_at` datetime DEFAULT NULL,
  `created_at` datetime(6) NOT NULL,
  `updated_at` datetime(6) NOT NULL,
  PRIMARY KEY (`id`),
  UNIQUE KEY `index_admins_on_email` (`email`),
  UNIQUE KEY `index_admins_on_reset_password_token` (`reset_password_token`)
) ENGINE=InnoDB AUTO_INCREMENT=3 DEFAULT CHARSET=utf8mb3;
/*!40101 SET character_set_client = @saved_cs_client */;

--
-- Dumping data for table `admins`
--

LOCK TABLES `admins` WRITE;
/*!40000 ALTER TABLE `admins` DISABLE KEYS */;
INSERT INTO `admins` VALUES (1,'how@gmail.com','$2a$12$tBH7L.56gl8wWouZKHS1culKLBYUCdF3poNnAJe/fY8.EysvgY6Ha',NULL,NULL,NULL,'2022-03-09 06:33:04.158172','2022-03-09 06:33:04.158172'),(2,'hossw@gmail.com','$2a$12$gms7AQW98KqswgY4tEVAEujxQ439mEBJLQ0mAYY.F/O/YhlGtmcku',NULL,NULL,NULL,'2022-03-09 06:33:55.576750','2022-03-09 06:33:55.576750');
/*!40000 ALTER TABLE `admins` ENABLE KEYS */;
UNLOCK TABLES;

--
-- Table structure for table `ar_internal_metadata`
--

DROP TABLE IF EXISTS `ar_internal_metadata`;
/*!40101 SET @saved_cs_client     = @@character_set_client */;
/*!50503 SET character_set_client = utf8mb4 */;
CREATE TABLE `ar_internal_metadata` (
  `key` varchar(255) NOT NULL,
  `value` varchar(255) DEFAULT NULL,
  `created_at` datetime(6) NOT NULL,
  `updated_at` datetime(6) NOT NULL,
  PRIMARY KEY (`key`)
) ENGINE=InnoDB DEFAULT CHARSET=utf8mb3;
/*!40101 SET character_set_client = @saved_cs_client */;

--
-- Dumping data for table `ar_internal_metadata`
--

LOCK TABLES `ar_internal_metadata` WRITE;
/*!40000 ALTER TABLE `ar_internal_metadata` DISABLE KEYS */;
INSERT INTO `ar_internal_metadata` VALUES ('environment','development','2022-02-22 07:27:16.812463','2022-02-24 07:40:13.597894'),('schema_sha1','47be8b63aaaeb989d4c7e6ceaa8ad583d73354fb','2022-02-22 07:27:16.819824','2022-02-22 07:27:16.819824');
/*!40000 ALTER TABLE `ar_internal_metadata` ENABLE KEYS */;
UNLOCK TABLES;

--
-- Table structure for table `casts`
--

DROP TABLE IF EXISTS `casts`;
/*!40101 SET @saved_cs_client     = @@character_set_client */;
/*!50503 SET character_set_client = utf8mb4 */;
CREATE TABLE `casts` (
  `id` bigint NOT NULL AUTO_INCREMENT,
  `first_name` varchar(255) NOT NULL,
  `middle_name` varchar(255) NOT NULL,
  `last_name` varchar(255) NOT NULL,
  `suffix` varchar(255) DEFAULT NULL,
  `stage_name` varchar(255) NOT NULL,
  `created_at` datetime(6) NOT NULL,
  `updated_at` datetime(6) NOT NULL,
  PRIMARY KEY (`id`)
) ENGINE=InnoDB AUTO_INCREMENT=9 DEFAULT CHARSET=utf8mb4 COLLATE=utf8mb4_0900_ai_ci;
/*!40101 SET character_set_client = @saved_cs_client */;

--
-- Dumping data for table `casts`
--

LOCK TABLES `casts` WRITE;
/*!40000 ALTER TABLE `casts` DISABLE KEYS */;
INSERT INTO `casts` VALUES (1,'Johnny','Sen','Wuyu',NULL,'Randel','2022-03-02 08:26:00.634663','2022-03-02 08:26:00.814131'),(2,'Omen','Sie','Honyo',NULL,'Watta','2022-03-02 08:26:00.664928','2022-03-02 08:26:01.276321'),(3,'Erlik','Back','Man',NULL,'Erlim','2022-03-02 08:26:00.674661','2022-03-02 08:26:01.431495'),(4,'Henston','Sue','Del mont',NULL,'Russ','2022-03-02 08:26:00.681246','2022-03-02 08:26:01.598064'),(5,'Shen','Ui','Dem',NULL,'Entor','2022-03-02 08:26:00.689383','2022-03-02 08:26:01.763653'),(6,'Harr','Man','mont',NULL,'Jinyang','2022-03-02 08:26:00.702406','2022-03-02 08:26:01.886015');
/*!40000 ALTER TABLE `casts` ENABLE KEYS */;
UNLOCK TABLES;

--
-- Table structure for table `casts_movies`
--

DROP TABLE IF EXISTS `casts_movies`;
/*!40101 SET @saved_cs_client     = @@character_set_client */;
/*!50503 SET character_set_client = utf8mb4 */;
CREATE TABLE `casts_movies` (
  `id` bigint NOT NULL AUTO_INCREMENT,
  `movie_id` bigint DEFAULT NULL,
  `cast_id` bigint DEFAULT NULL,
  PRIMARY KEY (`id`),
  KEY `index_casts_movies_on_cast_id` (`cast_id`),
  KEY `index_casts_movies_on_movie_id` (`movie_id`)
) ENGINE=InnoDB AUTO_INCREMENT=58 DEFAULT CHARSET=utf8mb4 COLLATE=utf8mb4_0900_ai_ci;
/*!40101 SET character_set_client = @saved_cs_client */;

--
-- Dumping data for table `casts_movies`
--

LOCK TABLES `casts_movies` WRITE;
/*!40000 ALTER TABLE `casts_movies` DISABLE KEYS */;
INSERT INTO `casts_movies` VALUES (1,1,1),(2,2,2),(3,3,3),(4,4,4),(5,5,5),(6,6,6),(7,7,1),(8,7,2),(9,8,1),(10,8,2),(11,13,6),(12,13,5),(13,13,2),(14,14,6),(15,14,5),(16,15,6),(17,15,5),(18,15,3),(19,16,6),(20,17,6),(21,18,6),(41,20,6),(42,20,1),(43,23,6),(47,28,6),(48,28,5),(55,19,1),(56,19,2),(57,19,3);
/*!40000 ALTER TABLE `casts_movies` ENABLE KEYS */;
UNLOCK TABLES;

--
-- Table structure for table `favorites`
--

DROP TABLE IF EXISTS `favorites`;
/*!40101 SET @saved_cs_client     = @@character_set_client */;
/*!50503 SET character_set_client = utf8mb4 */;
CREATE TABLE `favorites` (
  `id` bigint NOT NULL AUTO_INCREMENT,
  `movie_id` bigint DEFAULT NULL,
  `user_id` bigint DEFAULT NULL,
  `created_at` datetime(6) NOT NULL,
  `updated_at` datetime(6) NOT NULL,
  PRIMARY KEY (`id`),
  KEY `index_favorites_on_movie_id` (`movie_id`),
  KEY `index_favorites_on_user_id` (`user_id`)
) ENGINE=InnoDB AUTO_INCREMENT=99 DEFAULT CHARSET=utf8mb4 COLLATE=utf8mb4_0900_ai_ci;
/*!40101 SET character_set_client = @saved_cs_client */;

--
-- Dumping data for table `favorites`
--

LOCK TABLES `favorites` WRITE;
/*!40000 ALTER TABLE `favorites` DISABLE KEYS */;
INSERT INTO `favorites` VALUES (77,164,439,'2022-03-02 05:07:47.196581','2022-03-02 05:07:47.196581'),(78,165,439,'2022-03-02 05:07:50.577975','2022-03-02 05:07:50.577975'),(82,166,439,'2022-03-02 06:16:05.411686','2022-03-02 06:16:05.411686'),(83,167,439,'2022-03-02 06:16:18.626970','2022-03-02 06:16:18.626970'),(92,3,452,'2022-03-07 01:37:02.159995','2022-03-07 01:37:02.159995'),(95,6,454,'2022-03-07 03:34:57.370691','2022-03-07 03:34:57.370691'),(96,6,439,'2022-03-09 08:44:54.029353','2022-03-09 08:44:54.029353');
/*!40000 ALTER TABLE `favorites` ENABLE KEYS */;
UNLOCK TABLES;

--
-- Table structure for table `genres`
--

DROP TABLE IF EXISTS `genres`;
/*!40101 SET @saved_cs_client     = @@character_set_client */;
/*!50503 SET character_set_client = utf8mb4 */;
CREATE TABLE `genres` (
  `id` bigint NOT NULL AUTO_INCREMENT,
  `title` varchar(255) DEFAULT NULL,
  `created_at` datetime(6) NOT NULL,
  `updated_at` datetime(6) NOT NULL,
  `slug` varchar(255) DEFAULT NULL,
  PRIMARY KEY (`id`)
) ENGINE=InnoDB AUTO_INCREMENT=7 DEFAULT CHARSET=utf8mb4 COLLATE=utf8mb4_0900_ai_ci;
/*!40101 SET character_set_client = @saved_cs_client */;

--
-- Dumping data for table `genres`
--

LOCK TABLES `genres` WRITE;
/*!40000 ALTER TABLE `genres` DISABLE KEYS */;
INSERT INTO `genres` VALUES (1,'Comedies','2022-03-02 08:26:00.577757','2022-03-02 08:26:00.577757','comedies'),(2,'Violent','2022-03-02 08:26:00.586062','2022-03-02 08:26:00.586062','violent'),(3,'Thriller','2022-03-02 08:26:00.591084','2022-03-02 08:26:00.591084','thriller'),(4,'Sci-Fi','2022-03-02 08:26:00.597398','2022-03-02 08:26:00.597398','sci-fi'),(5,'Action','2022-03-02 08:26:00.603920','2022-03-02 08:26:00.603920','action'),(6,'Drama','2022-03-02 08:26:00.609962','2022-03-02 08:26:00.609962','drama');
/*!40000 ALTER TABLE `genres` ENABLE KEYS */;
UNLOCK TABLES;

--
-- Table structure for table `genres_movies`
--

DROP TABLE IF EXISTS `genres_movies`;
/*!40101 SET @saved_cs_client     = @@character_set_client */;
/*!50503 SET character_set_client = utf8mb4 */;
CREATE TABLE `genres_movies` (
  `id` bigint NOT NULL AUTO_INCREMENT,
  `genre_id` bigint DEFAULT NULL,
  `movie_id` bigint DEFAULT NULL,
  PRIMARY KEY (`id`),
  KEY `index_genres_movies_on_genre_id` (`genre_id`),
  KEY `index_genres_movies_on_movie_id` (`movie_id`)
) ENGINE=InnoDB AUTO_INCREMENT=56 DEFAULT CHARSET=utf8mb4 COLLATE=utf8mb4_0900_ai_ci;
/*!40101 SET character_set_client = @saved_cs_client */;

--
-- Dumping data for table `genres_movies`
--

LOCK TABLES `genres_movies` WRITE;
/*!40000 ALTER TABLE `genres_movies` DISABLE KEYS */;
INSERT INTO `genres_movies` VALUES (1,1,1),(2,2,2),(3,3,3),(4,4,4),(5,5,5),(6,6,6),(7,4,7),(8,4,8),(9,6,15),(10,5,15),(11,6,16),(12,6,17),(13,5,18),(51,1,20),(52,5,23),(55,6,28);
/*!40000 ALTER TABLE `genres_movies` ENABLE KEYS */;
UNLOCK TABLES;

--
-- Table structure for table `jwt_denylist`
--

DROP TABLE IF EXISTS `jwt_denylist`;
/*!40101 SET @saved_cs_client     = @@character_set_client */;
/*!50503 SET character_set_client = utf8mb4 */;
CREATE TABLE `jwt_denylist` (
  `id` bigint NOT NULL AUTO_INCREMENT,
  `jti` varchar(255) NOT NULL,
  `exp` datetime NOT NULL,
  PRIMARY KEY (`id`),
  KEY `index_jwt_denylist_on_jti` (`jti`)
) ENGINE=InnoDB AUTO_INCREMENT=54 DEFAULT CHARSET=utf8mb4 COLLATE=utf8mb4_0900_ai_ci;
/*!40101 SET character_set_client = @saved_cs_client */;

--
-- Dumping data for table `jwt_denylist`
--

LOCK TABLES `jwt_denylist` WRITE;
/*!40000 ALTER TABLE `jwt_denylist` DISABLE KEYS */;
INSERT INTO `jwt_denylist` VALUES (1,'9a0d27f2-4a60-406c-9855-2d6948e866e8','2022-03-04 01:47:43'),(2,'0858cc79-56a2-4018-b60f-aca23f7d6157','2022-03-11 03:13:04'),(3,'3143d49f-bc54-41cf-b555-4151599d2b9f','2022-03-11 03:26:12'),(4,'8d4ece92-49bd-430d-af98-b78d6dd5f4c6','2022-03-11 04:53:35'),(5,'99a03463-45b7-4a87-9541-23b34f663588','2022-03-11 04:55:18'),(6,'15ed67c0-3bbd-4c8d-90c4-5de0be65b49b','2022-03-11 05:06:53'),(7,'f8c9e7bb-3529-43b5-9a01-643a7b9fb491','2022-03-11 05:07:17'),(8,'b8d1e123-e1fb-436d-b7c2-f0042dd2c7bc','2022-03-11 05:12:59'),(9,'302715b5-49b9-479f-918f-4e32025bf317','2022-03-11 05:17:07'),(10,'583235fb-cd54-4796-a9be-a4de3025602d','2022-03-11 05:31:57'),(11,'55cb50e7-fbeb-40bf-b88a-0dc404b91616','2022-03-11 05:32:24'),(12,'d3634a2e-f601-40f3-a683-ee9a837272fe','2022-03-11 05:32:35'),(13,'dc65932c-ac45-4b47-a71b-aa1f48f49487','2022-03-11 06:13:15'),(14,'28b2e1bf-c058-4e8d-bdc0-134785b3c262','2022-03-15 04:09:52'),(15,'0f7bb9f7-c86e-4394-bbdc-19fcc1152fd9','2022-03-15 05:37:59'),(16,'717a3af6-450e-43a7-91ee-a12017144744','2022-03-15 05:38:47'),(17,'f7f660c0-b3c2-4aca-a73f-e44175a21f71','2022-03-15 08:50:07'),(18,'e1fa1f2a-7659-489f-a6d7-5bb8b086d609','2022-03-15 23:50:37'),(19,'5f14d346-2b05-4787-96d2-18ac85e001b2','2022-03-16 00:20:40'),(20,'77b0d862-b1ed-4f9d-994b-3fdd922e327d','2022-03-16 00:20:59'),(21,'89ccab24-0800-401b-8b1a-c5d247acd4f0','2022-03-16 00:56:07'),(22,'b08ce2bc-8e71-4011-add6-809b221fe082','2022-03-16 01:04:42'),(23,'93c1e289-5e3c-4f1b-a54c-c22317421dd5','2022-03-16 05:37:21'),(24,'e12a952d-1d9a-4b05-9117-394877eccce3','2022-03-16 14:24:31'),(25,'cfbd93ce-24c5-42fa-b524-8673f1509a4a','2022-03-17 00:41:29'),(26,'180077ea-c05a-4a8f-8642-b66fc68be567','2022-03-17 06:17:05'),(27,'fb8e12c9-5aaa-4250-b99b-5bb1aa4db356','2022-03-17 08:27:52'),(28,'b80adaf0-f2f5-474f-82e1-9055d6353e65','2022-03-18 01:16:32'),(29,'58596e20-3c67-4db4-9fcf-e919d2514f4d','2022-03-18 06:59:35'),(30,'81c1de95-cd51-44de-94b5-9495b1c1743c','2022-03-18 07:13:25'),(31,'dc193a6b-88ae-4e12-9300-4f3c5d8587ce','2022-03-18 07:20:53'),(32,'7aa90fbe-88cd-49a9-9abb-92cf79a111c8','2022-03-18 07:22:33'),(33,'418ea87d-4d62-4e5f-bd89-fc963d758120','2022-03-18 07:24:09'),(34,'202de566-9a89-419c-857c-3e042126198e','2022-03-18 07:26:18'),(35,'b7845cbe-440b-458a-b800-2d39f990b063','2022-03-18 07:35:27'),(36,'1a43c12c-222b-4a99-9d41-bf9ac6809986','2022-03-18 07:36:09'),(37,'e6a417ee-fec4-4ab3-819b-e253688d27b6','2022-03-18 07:37:28'),(38,'6233c60e-4d92-4e95-816d-2a43915ab905','2022-03-18 07:43:06'),(39,'94e12448-6967-4f2f-a6f2-ad84ccad0ef0','2022-03-22 03:20:00'),(40,'8a39b42f-a8bd-4e06-ad3e-3564e479e5fc','2022-03-22 05:58:50'),(41,'fe03c2e9-9836-4c2f-9434-fd3c6674aebe','2022-03-24 01:16:01'),(42,'63c6c33b-d1be-4bf0-9db5-cb0a5efc48e9','2022-03-24 01:59:20'),(43,'4494331c-08da-4d6f-ad36-3019b6ed74a6','2022-03-24 01:59:41'),(44,'84ab8cc2-c5b7-4a7d-b484-64897ee2d54a','2022-03-24 07:20:45'),(45,'7b0171fc-7302-4ade-8d8b-20c2cb2f301d','2022-03-24 08:21:37'),(46,'1f3bba36-e926-4713-a8ce-b31f3ee544a3','2022-03-24 08:23:09'),(47,'c5520c06-a0b5-48a6-82b5-c3915219bacd','2022-03-24 08:30:43'),(48,'e2b1830f-0b0c-4770-8240-601fb6520355','2022-03-24 08:32:58'),(49,'44db2022-2125-4137-a562-06c83d261ce2','2022-03-24 08:34:42'),(50,'8aa4289c-21d1-47a2-8c8d-a8e2fd6c5b17','2022-03-24 08:37:17'),(51,'29a7dda4-d769-4c0a-8720-c89fd330dd4e','2022-03-24 08:37:49'),(52,'8925e593-219b-4129-9e01-78aec185c394','2022-03-24 08:44:27'),(53,'bf12184b-6b5e-4bdc-96e7-8cacaf685301','2022-03-24 08:44:41');
/*!40000 ALTER TABLE `jwt_denylist` ENABLE KEYS */;
UNLOCK TABLES;

--
-- Table structure for table `movies`
--

DROP TABLE IF EXISTS `movies`;
/*!40101 SET @saved_cs_client     = @@character_set_client */;
/*!50503 SET character_set_client = utf8mb4 */;
CREATE TABLE `movies` (
  `id` bigint NOT NULL AUTO_INCREMENT,
  `title` varchar(255) DEFAULT NULL,
  `release_year` int DEFAULT NULL,
  `thumbnail_url` varchar(255) DEFAULT NULL,
  `created_at` datetime(6) NOT NULL,
  `updated_at` datetime(6) NOT NULL,
  `slug` varchar(255) DEFAULT NULL,
  PRIMARY KEY (`id`)
) ENGINE=InnoDB AUTO_INCREMENT=29 DEFAULT CHARSET=utf8mb4 COLLATE=utf8mb4_0900_ai_ci;
/*!40101 SET character_set_client = @saved_cs_client */;

--
-- Dumping data for table `movies`
--

LOCK TABLES `movies` WRITE;
/*!40000 ALTER TABLE `movies` DISABLE KEYS */;
INSERT INTO `movies` VALUES (1,'Movie One',2020,NULL,'2022-03-02 08:26:02.032542','2022-03-02 08:26:02.098112','movie-one'),(2,'Movie Two',2019,NULL,'2022-03-02 08:26:02.041216','2022-03-02 08:26:02.338047','movie-two'),(3,'Movie Three',2020,NULL,'2022-03-02 08:26:02.049224','2022-03-02 08:26:02.537608','movie-three'),(4,'Movie Four',2021,NULL,'2022-03-02 08:26:02.058358','2022-03-02 08:26:02.765830','movie-four'),(5,'Movie Five',2022,NULL,'2022-03-02 08:26:02.066639','2022-03-02 08:26:02.962769','movie-five'),(6,'Movie Six',2018,NULL,'2022-03-02 08:26:02.073982','2022-03-02 08:26:03.167313','movie-six'),(18,'te1232',2022,NULL,'2022-03-07 08:33:17.875298','2022-03-07 08:33:18.411009','te1232'),(19,'movie edrt',2020,'/test.png','2022-03-08 00:13:40.916853','2022-03-10 02:26:48.976487','movie-edrt'),(20,'The Hunger',1970,NULL,'2022-03-08 00:15:09.716321','2022-03-08 07:13:49.937652','the-hunger'),(23,'The Silicon Valley',2022,NULL,'2022-03-08 07:17:19.626363','2022-03-08 07:17:19.672503','the-silicon-valley'),(26,'Thes Ridden',2020,NULL,'2022-03-10 02:15:42.614530','2022-03-10 02:15:42.708427','thes-ridden'),(27,'whow',2020,NULL,'2022-03-10 02:17:31.753666','2022-03-10 02:17:31.828371','whow'),(28,'test one',2020,NULL,'2022-03-10 02:21:39.241701','2022-03-10 02:21:39.289356','test-one');
/*!40000 ALTER TABLE `movies` ENABLE KEYS */;
UNLOCK TABLES;

--
-- Table structure for table `reviews`
--

DROP TABLE IF EXISTS `reviews`;
/*!40101 SET @saved_cs_client     = @@character_set_client */;
/*!50503 SET character_set_client = utf8mb4 */;
CREATE TABLE `reviews` (
  `id` bigint NOT NULL AUTO_INCREMENT,
  `user_id` bigint DEFAULT NULL,
  `movie_id` bigint DEFAULT NULL,
  `content` varchar(255) DEFAULT NULL,
  `rating` int DEFAULT '0',
  `created_at` datetime(6) NOT NULL,
  `updated_at` datetime(6) NOT NULL,
  PRIMARY KEY (`id`),
  KEY `index_reviews_on_movie_id` (`movie_id`),
  KEY `index_reviews_on_user_id` (`user_id`)
) ENGINE=InnoDB AUTO_INCREMENT=30 DEFAULT CHARSET=utf8mb4 COLLATE=utf8mb4_0900_ai_ci;
/*!40101 SET character_set_client = @saved_cs_client */;

--
-- Dumping data for table `reviews`
--

LOCK TABLES `reviews` WRITE;
/*!40000 ALTER TABLE `reviews` DISABLE KEYS */;
INSERT INTO `reviews` VALUES (20,439,5,'ang galing ni naruto',1,'2022-03-03 01:08:37.787233','2022-03-03 01:28:45.376313'),(22,439,5,'heheheheh',1,'2022-03-03 01:15:28.335384','2022-03-03 01:15:28.335384'),(23,453,5,'boruto\'s father',1,'2022-03-03 01:17:07.993966','2022-03-03 01:17:07.993966'),(25,439,2,'piieeed piiipperrrrrrrr',1,'2022-03-03 01:29:50.158796','2022-03-03 01:29:50.158796'),(27,439,6,'super gandasss',1,'2022-03-03 06:04:08.750896','2022-03-09 08:42:02.673528');
/*!40000 ALTER TABLE `reviews` ENABLE KEYS */;
UNLOCK TABLES;

--
-- Table structure for table `schema_migrations`
--

DROP TABLE IF EXISTS `schema_migrations`;
/*!40101 SET @saved_cs_client     = @@character_set_client */;
/*!50503 SET character_set_client = utf8mb4 */;
CREATE TABLE `schema_migrations` (
  `version` varchar(255) NOT NULL,
  PRIMARY KEY (`version`)
) ENGINE=InnoDB DEFAULT CHARSET=utf8mb3;
/*!40101 SET character_set_client = @saved_cs_client */;

--
-- Dumping data for table `schema_migrations`
--

LOCK TABLES `schema_migrations` WRITE;
/*!40000 ALTER TABLE `schema_migrations` DISABLE KEYS */;
INSERT INTO `schema_migrations` VALUES ('20220217001538'),('20220217004732'),('20220217060217'),('20220217060228'),('20220217060328'),('20220217061230'),('20220217061254'),('20220217061617'),('20220217061641'),('20220218003655'),('20220218024019'),('20220224073942'),('20220309061321');
/*!40000 ALTER TABLE `schema_migrations` ENABLE KEYS */;
UNLOCK TABLES;

--
-- Table structure for table `users`
--

DROP TABLE IF EXISTS `users`;
/*!40101 SET @saved_cs_client     = @@character_set_client */;
/*!50503 SET character_set_client = utf8mb4 */;
CREATE TABLE `users` (
  `id` bigint NOT NULL AUTO_INCREMENT,
  `email` varchar(255) NOT NULL DEFAULT '',
  `encrypted_password` varchar(255) NOT NULL DEFAULT '',
  `is_admin` int NOT NULL DEFAULT '0',
  `reset_password_token` varchar(255) DEFAULT NULL,
  `reset_password_sent_at` datetime DEFAULT NULL,
  `remember_created_at` datetime DEFAULT NULL,
  `created_at` datetime(6) NOT NULL,
  `updated_at` datetime(6) NOT NULL,
  PRIMARY KEY (`id`),
  UNIQUE KEY `index_users_on_email` (`email`),
  UNIQUE KEY `index_users_on_reset_password_token` (`reset_password_token`)
) ENGINE=InnoDB AUTO_INCREMENT=460 DEFAULT CHARSET=utf8mb4 COLLATE=utf8mb4_0900_ai_ci;
/*!40101 SET character_set_client = @saved_cs_client */;

--
-- Dumping data for table `users`
--

LOCK TABLES `users` WRITE;
/*!40000 ALTER TABLE `users` DISABLE KEYS */;
INSERT INTO `users` VALUES (439,'test@gmail.com','$2a$12$W1BKiOSElQqjTEdPr8ih/u2HI7aQhf7hkOOl0BeiqX5G0oF/qrSdS',1,NULL,NULL,NULL,'2022-02-23 12:50:05.179188','2022-02-23 12:50:05.179188'),(440,'tessdt@gmail.com','$2a$12$BjzZkF1u5nw8lmVf2j2xyuPGHQRzhCEAh2qMBaX1bQz5vsLdklNiC',0,NULL,NULL,NULL,'2022-02-24 04:59:41.068363','2022-02-24 04:59:41.068363'),(441,'tesdffdfsdt@gmail.com','$2a$12$r6NwObM5yGgHkSmuPo9S.eth5Ses6McQ.edU8DiF99.qDQGoNGT9i',0,NULL,NULL,NULL,'2022-02-24 04:59:58.099308','2022-02-24 04:59:58.099308'),(442,'tedddst@gmail.com','$2a$12$WtEGnQrJ0m7VF1FSIxcIgeflrzuQWZ1qyrpanRaRIwbquJOe80BAi',0,NULL,NULL,NULL,'2022-02-24 05:04:36.469353','2022-02-24 05:04:36.469353'),(443,'tesdsssst@gmail.com','$2a$12$/iYmxMPPmTuAvMA3/ae3QeEps.lA12ofwoC4.WZIctSpuUsMreMaO',0,NULL,NULL,NULL,'2022-02-24 05:06:37.369410','2022-02-24 05:06:37.369410'),(444,'texxxxxxst@gmail.com','$2a$12$EfZL/lmNfZTRdB2oUCyF0emDDjVc.IbHGKVdxL1wSHWbDoLmHOBC6',0,NULL,NULL,NULL,'2022-02-24 05:06:53.154734','2022-02-24 05:06:53.154734'),(445,'edcel.estadola.dev@gmail.com','$2a$12$7U6bofG/GM4b7RixC8deEOUnhDz5.x2jZFqBtBw5UIEGHSuuR3rLC',0,NULL,NULL,NULL,'2022-02-24 05:31:56.973032','2022-02-24 05:31:56.973032'),(446,'tesdfdsfst@gmail.com','$2a$12$UrBugM3QXuVWG/W8QPNhrugtAABpT5sWPA5LZ1SG3FnxEywXqm6rW',0,NULL,NULL,NULL,'2022-02-24 05:32:24.116787','2022-02-24 05:32:24.116787'),(447,'tests@gmail.com','$2a$12$shsXH6thR3JTr3Ib0L.p7uDebehAAoMBHX2YN5MRMoFV9SC7qhsaO',0,NULL,NULL,NULL,'2022-02-24 06:13:15.494167','2022-02-24 06:13:15.494167'),(448,'edcel@gmail.com','$2a$12$1BNqeU5fVQMjm.6eS5Erh.PHRT6GPjbrd2D0IqOIalS7g5Kq11WH6',0,NULL,NULL,NULL,'2022-02-28 03:40:54.472218','2022-02-28 03:40:54.472218'),(449,'xency@gmail.com','$2a$12$vk6l.MLuoMLLGRoQYO1nG.AVvQuK5/Ijx7WVFAz6z9u4mXppLNuGu',0,NULL,NULL,NULL,'2022-02-28 03:41:50.781092','2022-02-28 03:41:50.781092'),(450,'how@gmail.com','$2a$12$NtVa5toHfoLtDUNJr0t.WOP1LgaDII.e3gAOAz81.cbeTC0GO0IRG',1,NULL,NULL,NULL,'2022-02-28 03:50:27.645515','2022-02-28 03:50:27.645515'),(451,'wew@gmail.com','$2a$12$G7N/4IOZuKXyOilNRm9wyeZCauzWgQ2EBGcU13mhH50lWa1KWXt9a',0,NULL,NULL,NULL,'2022-02-28 05:38:47.120853','2022-02-28 05:38:47.120853'),(452,'ed@gmail.com','$2a$12$PRdaoUGiZwmqLLUOimuK0.vSV7gsAIWVYFbzgIVl2C4kRVyydWsD2',0,NULL,NULL,NULL,'2022-03-01 00:20:59.544715','2022-03-01 00:20:59.544715'),(453,'aso@gmail.com','$2a$12$eogTX8GJQpTQdLkSBw25DOeWAn0reWk.BdxTxUXuFfqbZXKPoikoe',0,NULL,NULL,NULL,'2022-03-03 01:16:31.777285','2022-03-03 01:16:31.777285'),(457,'hsssow@gmail.com','$2a$12$oUIIGFfRnrPFq9v9ddleCOyOl6WO112bo/vCXCJ7Fx8zyChvPEXay',1,NULL,NULL,NULL,'2022-03-09 06:34:07.904804','2022-03-09 06:34:07.904804'),(459,'wert@gmail.com','$2a$12$cdKcD9qbyxI7h0tpDuTni.PHN1XuNmRWl/e1gbsdDioFJ5VYvlVni',0,NULL,NULL,NULL,'2022-03-09 08:46:25.377644','2022-03-09 08:46:25.377644');
/*!40000 ALTER TABLE `users` ENABLE KEYS */;
UNLOCK TABLES;
/*!40103 SET TIME_ZONE=@OLD_TIME_ZONE */;

/*!40101 SET SQL_MODE=@OLD_SQL_MODE */;
/*!40014 SET FOREIGN_KEY_CHECKS=@OLD_FOREIGN_KEY_CHECKS */;
/*!40014 SET UNIQUE_CHECKS=@OLD_UNIQUE_CHECKS */;
/*!40101 SET CHARACTER_SET_CLIENT=@OLD_CHARACTER_SET_CLIENT */;
/*!40101 SET CHARACTER_SET_RESULTS=@OLD_CHARACTER_SET_RESULTS */;
/*!40101 SET COLLATION_CONNECTION=@OLD_COLLATION_CONNECTION */;
/*!40111 SET SQL_NOTES=@OLD_SQL_NOTES */;

-- Dump completed on 2022-03-10 13:10:47
